cache_file,signal,snr,rho,model,layers,act,solver,alpha,K,L,variant,levels_up,cv_r2,max_r2,ale_bias2_d1,shap_bias2_d1,ale_variance_d1,shap_variance_d1,rel_var_reduction_d1,ale_bias2_d2,shap_bias2_d2,ale_variance_d2,shap_variance_d2,rel_var_reduction_d2,speedup,rel_var_reduction
full_sample_X_gaussian_d2_904658a8_snr9_signal_threshold_nn_h10_tanh_alpha0.0001_lbfgs_n1000_R100_bale_K40_L25_y_nb5_f8c934ffebed.npz,signal_threshold,9.0,0.95,nn_h10_tanh_alpha0.0001_lbfgs,10,tanh,lbfgs,0.0001,40,25,bootstrap,0,0.8905,0.9000,0.018201,0.043928,0.325125,5.663635,+0.9426,0.013272,0.037494,0.454151,5.747174,+0.9210,1.0799,+0.9318
full_sample_X_gaussian_d2_08514e44_snr9_signal_threshold_nn_h10_tanh_alpha0.0001_lbfgs_n1000_R100_K40_L25_y_lu2_e1e7abf7b705.npz,signal_threshold,9.0,0.99,nn_h10_tanh_alpha0.0001_lbfgs,10,tanh,lbfgs,0.0001,40,25,standard,2,0.8905,0.9000,0.128548,0.586550,1.738165,18.429175,+0.9057,0.103360,0.598072,1.438071,18.472151,+0.9221,4.2825,+0.9139
full_sample_X_gaussian_d2_08514e44_snr9_signal_threshold_nn_h10_tanh_alpha0.0001_lbfgs_n1000_R100_bale_K40_L25_y_nb5_8894752a8556.npz,signal_threshold,9.0,0.99,nn_h10_tanh_alpha0.0001_lbfgs,10,tanh,lbfgs,0.0001,40,25,bootstrap,0,0.8905,0.9000,0.153809,0.586550,2.562722,18.429175,+0.8609,0.045564,0.598072,1.005500,18.472151,+0.9456,1.1126,+0.9033
full_sample_X_gaussian_d2_904658a8_snr9_signal_threshold_nn_h10_tanh_alpha0.0001_lbfgs_n1000_R100_K40_L25_y_lu2_7545072d2080.npz,signal_threshold,9.0,0.95,nn_h10_tanh_alpha0.0001_lbfgs,10,tanh,lbfgs,0.0001,40,25,standard,2,0.8905,0.9000,0.018808,0.043928,0.396798,5.663635,+0.9299,0.034318,0.037494,0.759908,5.747174,+0.8678,4.1816,+0.8989
full_sample_X_gaussian_d2_08514e44_snr9_signal_threshold_nn_h10_tanh_alpha0.0001_lbfgs_n1000_R100_K40_L25_y_a9b9e844bd11.npz,signal_threshold,9.0,0.99,nn_h10_tanh_alpha0.0001_lbfgs,10,tanh,lbfgs,0.0001,40,25,standard,0,0.8905,0.9000,0.208191,0.586550,2.594762,18.429175,+0.8592,0.085750,0.598072,1.664652,18.472151,+0.9099,5.3713,+0.8845
full_sample_X_gaussian_d2_904658a8_snr9_signal_threshold_nn_h10_tanh_alpha0.0001_lbfgs_n1000_R100_K40_L25_y_2b8f1d62ad0f.npz,signal_threshold,9.0,0.95,nn_h10_tanh_alpha0.0001_lbfgs,10,tanh,lbfgs,0.0001,40,25,standard,0,0.8905,0.9000,0.018960,0.043928,0.527968,5.663635,+0.9068,0.030305,0.037494,1.013117,5.747174,+0.8237,5.0238,+0.8652
full_sample_X_gaussian_d2_08514e44_snr9_signal_basic_nn_h3_tanh_alpha0.0001_lbfgs_n1000_R100_K40_L25_y_lu2_ba27a78c1dac.npz,signal_basic,9.0,0.99,nn_h3_tanh_alpha0.0001_lbfgs,3,tanh,lbfgs,0.0001,40,25,standard,2,0.9061,0.9000,0.009528,0.038192,0.268722,1.769488,+0.8481,0.009475,0.044733,0.247873,1.856584,+0.8665,3.2814,+0.8573
full_sample_X_gaussian_d2_08514e44_snr9_signal_basic_nn_h3_tanh_alpha0.0001_lbfgs_n1000_R100_bale_K40_L25_y_nb5_33e2a8908153.npz,signal_basic,9.0,0.99,nn_h3_tanh_alpha0.0001_lbfgs,3,tanh,lbfgs,0.0001,40,25,bootstrap,0,0.9061,0.9000,0.012950,0.038192,0.312693,1.769488,+0.8233,0.010107,0.044733,0.221233,1.856584,+0.8808,0.8524,+0.8521
full_sample_X_gaussian_d2_08514e44_snr9_signal_basic_nn_h3_tanh_alpha0.0001_lbfgs_n1000_R100_K40_L25_y_cd53ecf4f369.npz,signal_basic,9.0,0.99,nn_h3_tanh_alpha0.0001_lbfgs,3,tanh,lbfgs,0.0001,40,25,standard,0,0.9061,0.9000,0.016122,0.038192,0.382833,1.769488,+0.7836,0.009999,0.044733,0.264657,1.856584,+0.8574,4.1474,+0.8205
full_sample_X_gaussian_d2_08514e44_snr9_signal_threshold_nn_h10_tanh_alpha0.0001_lbfgs_n1000_R100_K20_L50_y_b32e4a83bd5b.npz,signal_threshold,9.0,0.99,nn_h10_tanh_alpha0.0001_lbfgs,10,tanh,lbfgs,0.0001,20,50,standard,0,0.8905,0.9000,0.274246,0.586550,3.666501,18.429175,+0.8010,0.213966,0.598072,2.988533,18.472151,+0.8382,5.3601,+0.8196
full_sample_X_gaussian_d2_08514e44_snr9_signal_nonlinear_nn_h10_tanh_alpha0.0001_lbfgs_n1000_R100_bale_K40_L25_y_nb5_25f8ff96262f.npz,signal_nonlinear,9.0,0.99,nn_h10_tanh_alpha0.0001_lbfgs,10,tanh,lbfgs,0.01,40,25,bootstrap,0,0.8882,0.9000,0.003183,0.041699,0.062421,0.338878,+0.8158,0.015028,0.039847,0.060524,0.341158,+0.8226,1.1029,+0.8192
full_sample_X_gaussian_d2_08514e44_snr9_signal_cubic_nn_h20_relu_alpha0.01_lbfgs_n1000_R100_bale_K40_L25_y_nb5_5ce0bf8cf815.npz,signal_cubic,9.0,0.99,nn_h20_relu_alpha0.01_lbfgs,10,tanh,lbfgs,0.01,40,25,bootstrap,0,0.8866,0.9000,0.191399,3.365742,0.733584,3.810643,+0.8075,0.030256,3.377047,0.665534,3.774533,+0.8237,0.9455,+0.8156
full_sample_X_gaussian_d2_08514e44_snr9_signal_nonlinear_nn_h10_tanh_alpha0.0001_lbfgs_n1000_R100_K40_L25_y_lu2_64f0427947a8.npz,signal_nonlinear,9.0,0.99,nn_h10_tanh_alpha0.0001_lbfgs,10,tanh,lbfgs,0.01,40,25,standard,2,0.8882,0.9000,0.002127,0.041699,0.065270,0.338878,+0.8074,0.015132,0.039847,0.067881,0.341158,+0.8010,4.2411,+0.8042
full_sample_X_gaussian_d2_08514e44_snr9_signal_cubic_nn_h20_relu_alpha0.01_lbfgs_n1000_R100_K40_L25_y_lu2_f22af2f5c4e9.npz,signal_cubic,9.0,0.99,nn_h20_relu_alpha0.01_lbfgs,10,tanh,lbfgs,0.01,40,25,standard,2,0.8866,0.9000,0.225761,3.365742,0.822437,3.810643,+0.7842,0.035304,3.377047,0.720335,3.774533,+0.8092,3.6630,+0.7967
full_sample_X_gaussian_d2_904658a8_snr9_signal_abs_nn_h20_relu_alpha0.01_lbfgs_n1000_R100_bale_K40_L25_y_nb5_794ce8a5fc0d.npz,signal_abs,9.0,0.95,nn_h20_relu_alpha0.01_lbfgs,20,relu,lbfgs,0.01,40,25,bootstrap,0,0.8937,0.9000,0.002096,0.002939,0.047960,0.240203,+0.8003,0.004565,0.002731,0.052166,0.241611,+0.7841,0.9603,+0.7922
full_sample_X_gaussian_d2_904658a8_snr9_signal_abs_nn_h20_relu_alpha0.01_lbfgs_n1000_R100_K40_L25_y_lu2_abad5003cdd1.npz,signal_abs,9.0,0.95,nn_h20_relu_alpha0.01_lbfgs,20,relu,lbfgs,0.01,40,25,standard,2,0.8937,0.9000,0.002344,0.002939,0.051358,0.240203,+0.7862,0.005030,0.002731,0.052671,0.241611,+0.7820,3.6974,+0.7841
full_sample_X_gaussian_d2_08514e44_snr9_signal_nonlinear_nn_h10_tanh_alpha0.0001_lbfgs_n1000_R100_K40_L25_y_66c0b9965efe.npz,signal_nonlinear,9.0,0.99,nn_h10_tanh_alpha0.0001_lbfgs,10,tanh,lbfgs,0.01,40,25,standard,0,0.8882,0.9000,0.002881,0.041699,0.075508,0.338878,+0.7772,0.015498,0.039847,0.071969,0.341158,+0.7890,5.3418,+0.7831
full_sample_X_gaussian_d2_08514e44_snr9_signal_cubic_nn_h20_relu_alpha0.01_lbfgs_n1000_R100_K40_L25_y_9e03b93b50ea.npz,signal_cubic,9.0,0.99,nn_h20_relu_alpha0.01_lbfgs,10,tanh,lbfgs,0.01,40,25,standard,0,0.8866,0.9000,0.244704,3.365742,0.893089,3.810643,+0.7656,0.043929,3.377047,0.809229,3.774533,+0.7856,4.6192,+0.7756
full_sample_X_gaussian_d2_904658a8_snr9_signal_nonlinear_nn_h10_tanh_alpha0.0001_lbfgs_n1000_R100_bale_K40_L25_y_nb5_c790b3f483fa.npz,signal_nonlinear,9.0,0.95,nn_h10_tanh_alpha0.0001_lbfgs,10,tanh,lbfgs,0.01,40,25,bootstrap,0,0.8882,0.9000,0.001040,0.017543,0.022490,0.099485,+0.7739,0.013866,0.020181,0.026205,0.103459,+0.7467,1.0980,+0.7603
full_sample_X_gaussian_d2_904658a8_snr9_signal_nonlinear_nn_h10_tanh_alpha0.0001_lbfgs_n1000_R100_K40_L25_y_lu2_1c21322854cb.npz,signal_nonlinear,9.0,0.95,nn_h10_tanh_alpha0.0001_lbfgs,10,tanh,lbfgs,0.01,40,25,standard,2,0.8882,0.9000,0.000835,0.017543,0.020590,0.099485,+0.7930,0.014925,0.020181,0.029563,0.103459,+0.7143,4.2527,+0.7536
full_sample_X_gaussian_d2_f9df222f_snr9_signal_threshold_nn_h20_relu_alpha0.01_lbfgs_n1000_R100_K40_L25_y_lu2_7b71ef2681c3.npz,signal_threshold,9.0,0.9,nn_h20_relu_alpha0.01_lbfgs,10,tanh,lbfgs,0.0001,40,25,standard,2,0.8905,0.9000,0.010983,0.004959,0.029459,0.116955,+0.7481,0.003614,0.000973,0.029906,0.119586,+0.7499,3.4949,+0.7490
full_sample_X_gaussian_d2_08514e44_snr9_signal_abs_nn_h10_relu_alpha0.001_lbfgs_n1000_R100_bale_K40_L25_y_nb5_1e86021b9ed6.npz,signal_abs,9.0,0.99,nn_h10_relu_alpha0.001_lbfgs,20,relu,lbfgs,0.01,40,25,bootstrap,0,0.8937,0.9000,0.002015,0.004465,0.078250,0.308013,+0.7460,0.005555,0.006015,0.079284,0.309929,+0.7442,0.8205,+0.7451
full_sample_X_gaussian_d2_f9df222f_snr9_signal_threshold_nn_h20_relu_alpha0.01_lbfgs_n1000_R100_bale_K40_L25_y_nb5_acdd1da5fdad.npz,signal_threshold,9.0,0.9,nn_h20_relu_alpha0.01_lbfgs,10,tanh,lbfgs,0.0001,40,25,bootstrap,0,0.8905,0.9000,0.011835,0.004959,0.028743,0.116955,+0.7542,0.002568,0.000973,0.031691,0.119586,+0.7350,0.9187,+0.7446
full_sample_X_gaussian_d2_08514e44_snr9_signal_abs_nn_h10_relu_alpha0.001_lbfgs_n1000_R100_K40_L25_y_lu2_7a4967283369.npz,signal_abs,9.0,0.99,nn_h10_relu_alpha0.001_lbfgs,20,relu,lbfgs,0.01,40,25,standard,2,0.8937,0.9000,0.001969,0.004465,0.079867,0.308013,+0.7407,0.005255,0.006015,0.079180,0.309929,+0.7445,3.1603,+0.7426
full_sample_X_gaussian_d2_904658a8_snr9_signal_cubic_nn_h20_relu_alpha0.01_lbfgs_n1000_R100_bale_K40_L25_y_nb5_376050b687a9.npz,signal_cubic,9.0,0.95,nn_h20_relu_alpha0.01_lbfgs,10,tanh,lbfgs,0.01,40,25,bootstrap,0,0.8866,0.9000,0.187824,0.911883,0.418166,1.282459,+0.6739,0.015747,0.911391,0.270636,1.248572,+0.7832,0.9533,+0.7286
full_sample_X_gaussian_d2_08514e44_snr9_signal_nonlinear_nn_h10_tanh_alpha0.0001_lbfgs_n1000_R100_K20_L50_y_30ee96cbb16e.npz,signal_nonlinear,9.0,0.99,nn_h10_tanh_alpha0.0001_lbfgs,10,tanh,lbfgs,0.01,20,50,standard,0,0.8882,0.9000,0.006139,0.041699,0.092475,0.338878,+0.7271,0.039518,0.039847,0.092709,0.341158,+0.7283,5.2579,+0.7277
full_sample_X_gaussian_d2_904658a8_snr9_signal_abs_nn_h20_relu_alpha0.01_lbfgs_n1000_R100_K40_L25_y_57a52cc2c507.npz,signal_abs,9.0,0.95,nn_h20_relu_alpha0.01_lbfgs,20,relu,lbfgs,0.01,40,25,standard,0,0.8937,0.9000,0.002711,0.002939,0.067281,0.240203,+0.7199,0.005584,0.002731,0.066477,0.241611,+0.7249,4.7207,+0.7224
full_sample_X_gaussian_d2_904658a8_snr9_signal_threshold_nn_h10_tanh_alpha0.0001_lbfgs_n1000_R100_K20_L50_y_4cafa645e9c5.npz,signal_threshold,9.0,0.95,nn_h10_tanh_alpha0.0001_lbfgs,10,tanh,lbfgs,0.0001,20,50,standard,0,0.8905,0.9000,0.026687,0.043928,0.952326,5.663635,+0.8319,0.082055,0.037494,2.226988,5.747174,+0.6125,5.1891,+0.7222
full_sample_X_gaussian_d2_08514e44_snr9_signal_abs_nn_h10_relu_alpha0.001_lbfgs_n1000_R100_K40_L25_y_99b765605d45.npz,signal_abs,9.0,0.99,nn_h10_relu_alpha0.001_lbfgs,20,relu,lbfgs,0.01,40,25,standard,0,0.8937,0.9000,0.002099,0.004465,0.087350,0.308013,+0.7164,0.005831,0.006015,0.084962,0.309929,+0.7259,3.9667,+0.7211
full_sample_X_gaussian_d2_08514e44_snr9_signal_basic_nn_h3_tanh_alpha0.0001_lbfgs_n1000_R100_K20_L50_y_6c878d4afc64.npz,signal_basic,9.0,0.99,nn_h3_tanh_alpha0.0001_lbfgs,3,tanh,lbfgs,0.0001,20,50,standard,0,0.9061,0.9000,0.022156,0.038192,0.624894,1.769488,+0.6469,0.020634,0.044733,0.393524,1.856584,+0.7880,4.0789,+0.7174
full_sample_X_gaussian_d2_08514e44_snr9_signal_cubic_nn_h20_relu_alpha0.01_lbfgs_n1000_R100_K20_L50_y_0db04da73759.npz,signal_cubic,9.0,0.99,nn_h20_relu_alpha0.01_lbfgs,10,tanh,lbfgs,0.01,20,50,standard,0,0.8866,0.9000,0.856071,3.365742,1.255714,3.810643,+0.6705,0.065335,3.377047,1.007250,3.774533,+0.7331,4.5543,+0.7018
full_sample_X_gaussian_d2_904658a8_snr9_signal_nonlinear_nn_h10_tanh_alpha0.0001_lbfgs_n1000_R100_K40_L25_y_464df585efd1.npz,signal_nonlinear,9.0,0.95,nn_h10_tanh_alpha0.0001_lbfgs,10,tanh,lbfgs,0.01,40,25,standard,0,0.8882,0.9000,0.001108,0.017543,0.028123,0.099485,+0.7173,0.014879,0.020181,0.032561,0.103459,+0.6853,5.2502,+0.7013
full_sample_X_gaussian_d2_904658a8_snr9_signal_cubic_nn_h20_relu_alpha0.01_lbfgs_n1000_R100_K40_L25_y_lu2_9a2a47ea63f5.npz,signal_cubic,9.0,0.95,nn_h20_relu_alpha0.01_lbfgs,10,tanh,lbfgs,0.01,40,25,standard,2,0.8866,0.9000,0.279307,0.911883,0.489721,1.282459,+0.6181,0.018080,0.911391,0.286865,1.248572,+0.7702,3.6810,+0.6942
full_sample_X_gaussian_d2_08514e44_snr9_signal_abs_nn_h10_relu_alpha0.001_lbfgs_n1000_R100_K20_L50_y_31ec72d84c00.npz,signal_abs,9.0,0.99,nn_h10_relu_alpha0.001_lbfgs,20,relu,lbfgs,0.01,20,50,standard,0,0.8937,0.9000,0.002436,0.004465,0.102506,0.308013,+0.6672,0.014287,0.006015,0.097262,0.309929,+0.6862,3.8219,+0.6767
full_sample_X_gaussian_d2_08514e44_snr9_signal_threshold_nn_h10_tanh_alpha0.0001_lbfgs_n1000_R100_K10_L100_y_413b8a234c47.npz,signal_threshold,9.0,0.99,nn_h10_tanh_alpha0.0001_lbfgs,10,tanh,lbfgs,0.0001,10,100,standard,0,0.8905,0.9000,0.444187,0.586550,6.432144,18.429175,+0.6510,0.547427,0.598072,5.513452,18.472151,+0.7015,5.0823,+0.6763
full_sample_X_gaussian_d2_f9df222f_snr9_signal_threshold_nn_h20_relu_alpha0.01_lbfgs_n1000_R100_K40_L25_y_2e1082905a74.npz,signal_threshold,9.0,0.9,nn_h20_relu_alpha0.01_lbfgs,10,tanh,lbfgs,0.0001,40,25,standard,0,0.8905,0.9000,0.011212,0.004959,0.037221,0.116955,+0.6817,0.003944,0.000973,0.039564,0.119586,+0.6692,4.5315,+0.6755
full_sample_X_gaussian_d2_f9df222f_snr9_signal_nonlinear_nn_h10_tanh_alpha0.01_lbfgs_n1000_R100_bale_K40_L25_y_nb5_317260eecdf9.npz,signal_nonlinear,9.0,0.9,nn_h10_tanh_alpha0.01_lbfgs,10,tanh,lbfgs,0.01,40,25,bootstrap,0,0.8882,0.9000,0.000447,0.007736,0.013348,0.046597,+0.7135,0.015143,0.013463,0.019687,0.051281,+0.6161,1.0942,+0.6648
full_sample_X_gaussian_d2_904658a8_snr9_signal_abs_nn_h20_relu_alpha0.01_lbfgs_n1000_R100_K20_L50_y_67cd1ddc6034.npz,signal_abs,9.0,0.95,nn_h20_relu_alpha0.01_lbfgs,20,relu,lbfgs,0.01,20,50,standard,0,0.8937,0.9000,0.003084,0.002939,0.080679,0.240203,+0.6641,0.015807,0.002731,0.081605,0.241611,+0.6622,4.5823,+0.6632
full_sample_X_gaussian_d2_f9df222f_snr9_signal_nonlinear_nn_h10_tanh_alpha0.01_lbfgs_n1000_R100_K40_L25_y_lu2_81eb32fb464f.npz,signal_nonlinear,9.0,0.9,nn_h10_tanh_alpha0.01_lbfgs,10,tanh,lbfgs,0.01,40,25,standard,2,0.8882,0.9000,0.000322,0.007736,0.012476,0.046597,+0.7323,0.015609,0.013463,0.021435,0.051281,+0.5820,4.1875,+0.6571
full_sample_X_gaussian_d2_904658a8_snr9_signal_cubic_nn_h20_relu_alpha0.01_lbfgs_n1000_R100_K40_L25_y_467bc9721e63.npz,signal_cubic,9.0,0.95,nn_h20_relu_alpha0.01_lbfgs,10,tanh,lbfgs,0.01,40,25,standard,0,0.8866,0.9000,0.293992,0.911883,0.558595,1.282459,+0.5644,0.022249,0.911391,0.350309,1.248572,+0.7194,4.6187,+0.6419
full_sample_X_gaussian_d2_904658a8_snr9_signal_nonlinear_nn_h10_tanh_alpha0.0001_lbfgs_n1000_R100_K20_L50_y_8f2f7f8f0268.npz,signal_nonlinear,9.0,0.95,nn_h10_tanh_alpha0.0001_lbfgs,10,tanh,lbfgs,0.01,20,50,standard,0,0.8882,0.9000,0.002511,0.017543,0.035348,0.099485,+0.6447,0.036045,0.020181,0.039289,0.103459,+0.6202,5.2221,+0.6325
full_sample_X_gaussian_d2_f9df222f_snr9_signal_nonlinear_nn_h10_tanh_alpha0.01_lbfgs_n1000_R100_K40_L25_y_d973280aae30.npz,signal_nonlinear,9.0,0.9,nn_h10_tanh_alpha0.01_lbfgs,10,tanh,lbfgs,0.01,40,25,standard,0,0.8882,0.9000,0.000430,0.007736,0.014675,0.046597,+0.6851,0.015685,0.013463,0.024197,0.051281,+0.5281,5.3127,+0.6066
full_sample_X_gaussian_d2_08514e44_snr9_signal_nonlinear_nn_h10_tanh_alpha0.0001_lbfgs_n1000_R100_K10_L100_y_87591fe635a3.npz,signal_nonlinear,9.0,0.99,nn_h10_tanh_alpha0.0001_lbfgs,10,tanh,lbfgs,0.01,10,100,standard,0,0.8882,0.9000,0.020807,0.041699,0.138646,0.338878,+0.5909,0.216061,0.039847,0.139918,0.341158,+0.5899,5.0209,+0.5904
full_sample_X_gaussian_d2_f9df222f_snr9_signal_threshold_nn_h20_relu_alpha0.01_lbfgs_n1000_R100_K20_L50_y_b3f3f2e77996.npz,signal_threshold,9.0,0.9,nn_h20_relu_alpha0.01_lbfgs,10,tanh,lbfgs,0.0001,20,50,standard,0,0.8905,0.9000,0.021600,0.004959,0.046806,0.116955,+0.5998,0.014206,0.000973,0.056779,0.119586,+0.5252,4.3963,+0.5625
full_sample_X_gaussian_d2_08514e44_snr9_signal_abs_nn_h10_relu_alpha0.001_lbfgs_n1000_R100_K10_L100_y_253a287559be.npz,signal_abs,9.0,0.99,nn_h10_relu_alpha0.001_lbfgs,20,relu,lbfgs,0.01,10,100,standard,0,0.8937,0.9000,0.004064,0.004465,0.132730,0.308013,+0.5691,0.054920,0.006015,0.141907,0.309929,+0.5421,3.6368,+0.5556
full_sample_X_gaussian_d2_08514e44_snr9_signal_basic_nn_h3_tanh_alpha0.0001_lbfgs_n1000_R100_K10_L100_y_05479f033d7d.npz,signal_basic,9.0,0.99,nn_h3_tanh_alpha0.0001_lbfgs,3,tanh,lbfgs,0.0001,10,100,standard,0,0.9061,0.9000,0.036430,0.038192,0.902129,1.769488,+0.4902,0.082666,0.044733,0.771425,1.856584,+0.5845,3.8745,+0.5373
full_sample_X_gaussian_d2_904658a8_snr9_signal_abs_nn_h20_relu_alpha0.01_lbfgs_n1000_R100_K10_L100_y_d566c2a88d92.npz,signal_abs,9.0,0.95,nn_h20_relu_alpha0.01_lbfgs,20,relu,lbfgs,0.01,10,100,standard,0,0.8937,0.9000,0.005216,0.002939,0.101105,0.240203,+0.5791,0.063227,0.002731,0.128831,0.241611,+0.4668,4.3280,+0.5229
full_sample_X_gaussian_d2_08514e44_snr9_signal_cubic_nn_h20_relu_alpha0.01_lbfgs_n1000_R100_K10_L100_y_82246d1bba77.npz,signal_cubic,9.0,0.99,nn_h20_relu_alpha0.01_lbfgs,10,tanh,lbfgs,0.01,10,100,standard,0,0.8866,0.9000,3.292781,3.365742,2.311627,3.810643,+0.3934,0.147597,3.377047,1.370275,3.774533,+0.6370,4.2589,+0.5152
full_sample_X_gaussian_d2_f9df222f_snr9_signal_nonlinear_nn_h10_tanh_alpha0.01_lbfgs_n1000_R100_K20_L50_y_d0c53a9e48fe.npz,signal_nonlinear,9.0,0.9,nn_h10_tanh_alpha0.01_lbfgs,10,tanh,lbfgs,0.01,20,50,standard,0,0.8882,0.9000,0.001225,0.007736,0.018676,0.046597,+0.5992,0.036895,0.013463,0.029234,0.051281,+0.4299,5.1261,+0.5146
full_sample_X_gaussian_d2_904658a8_snr9_signal_nonlinear_nn_h10_tanh_alpha0.0001_lbfgs_n1000_R100_K10_L100_y_a27f4ea49f36.npz,signal_nonlinear,9.0,0.95,nn_h10_tanh_alpha0.0001_lbfgs,10,tanh,lbfgs,0.01,10,100,standard,0,0.8882,0.9000,0.008845,0.017543,0.050700,0.099485,+0.4904,0.208555,0.020181,0.050382,0.103459,+0.5130,5.0203,+0.5017
full_sample_X_gaussian_d2_f9df222f_snr9_signal_abs_nn_h10_relu_alpha0.001_lbfgs_n1000_R100_K40_L25_y_lu2_78fee16fc4bd.npz,signal_abs,9.0,0.9,nn_h10_relu_alpha0.001_lbfgs,20,relu,lbfgs,0.01,40,25,standard,2,0.8937,0.9000,0.001709,0.002145,0.025260,0.052282,+0.5169,0.003141,0.002793,0.033658,0.058741,+0.4270,3.1433,+0.4719
full_sample_X_gaussian_d2_904658a8_snr9_signal_cubic_nn_h20_relu_alpha0.01_lbfgs_n1000_R100_K20_L50_y_c7309c055834.npz,signal_cubic,9.0,0.95,nn_h20_relu_alpha0.01_lbfgs,10,tanh,lbfgs,0.01,20,50,standard,0,0.8866,0.9000,1.069948,0.911883,0.936877,1.282459,+0.2695,0.037226,0.911391,0.407536,1.248572,+0.6736,4.5729,+0.4715
full_sample_X_gaussian_d2_904658a8_snr9_signal_threshold_nn_h10_tanh_alpha0.0001_lbfgs_n1000_R100_K10_L100_y_3ae655212649.npz,signal_threshold,9.0,0.95,nn_h10_tanh_alpha0.0001_lbfgs,10,tanh,lbfgs,0.0001,10,100,standard,0,0.8905,0.9000,0.058141,0.043928,1.944250,5.663635,+0.6567,0.248775,0.037494,4.161667,5.747174,+0.2759,5.0061,+0.4663
full_sample_X_gaussian_d2_f9df222f_snr9_signal_abs_nn_h10_relu_alpha0.001_lbfgs_n1000_R100_bale_K40_L25_y_nb5_654c018fe507.npz,signal_abs,9.0,0.9,nn_h10_relu_alpha0.001_lbfgs,20,relu,lbfgs,0.01,40,25,bootstrap,0,0.8937,0.9000,0.001819,0.002145,0.023908,0.052282,+0.5427,0.003292,0.002793,0.036486,0.058741,+0.3789,0.8212,+0.4608
full_sample_X_gaussian_d2_26e192a0_snr9_signal_threshold_nn_h3_tanh_alpha0.0001_lbfgs_n1000_R100_bale_K40_L25_y_nb5_788e16052668.npz,signal_threshold,9.0,0.7,nn_h3_tanh_alpha0.0001_lbfgs,10,tanh,lbfgs,0.0001,40,25,bootstrap,0,0.8905,0.9000,0.057592,0.048290,0.084713,0.156317,+0.4581,0.002666,0.004061,0.077231,0.136034,+0.4323,0.8450,+0.4452
full_sample_X_gaussian_d2_26e192a0_snr9_signal_threshold_nn_h3_tanh_alpha0.0001_lbfgs_n1000_R100_K40_L25_y_lu2_39d0a3412704.npz,signal_threshold,9.0,0.7,nn_h3_tanh_alpha0.0001_lbfgs,10,tanh,lbfgs,0.0001,40,25,standard,2,0.8905,0.9000,0.055952,0.048290,0.089225,0.156317,+0.4292,0.002360,0.004061,0.082499,0.136034,+0.3935,3.1852,+0.4114
full_sample_X_gaussian_d2_26e192a0_snr9_signal_threshold_nn_h3_tanh_alpha0.0001_lbfgs_n1000_R100_K40_L25_y_39f6e49e149f.npz,signal_threshold,9.0,0.7,nn_h3_tanh_alpha0.0001_lbfgs,10,tanh,lbfgs,0.0001,40,25,standard,0,0.8905,0.9000,0.056032,0.048290,0.090364,0.156317,+0.4219,0.002610,0.004061,0.089008,0.136034,+0.3457,4.0938,+0.3838
full_sample_X_gaussian_d2_f9df222f_snr9_signal_nonlinear_nn_h10_tanh_alpha0.01_lbfgs_n1000_R100_K10_L100_y_4c3262ece234.npz,signal_nonlinear,9.0,0.9,nn_h10_tanh_alpha0.01_lbfgs,10,tanh,lbfgs,0.01,10,100,standard,0,0.8882,0.9000,0.005067,0.007736,0.027727,0.046597,+0.4050,0.220691,0.013463,0.033771,0.051281,+0.3415,4.9589,+0.3732
full_sample_X_gaussian_d2_f9df222f_snr9_signal_abs_nn_h10_relu_alpha0.001_lbfgs_n1000_R100_K40_L25_y_44d1c0d843cd.npz,signal_abs,9.0,0.9,nn_h10_relu_alpha0.001_lbfgs,20,relu,lbfgs,0.01,40,25,standard,0,0.8937,0.9000,0.002097,0.002145,0.029416,0.052282,+0.4374,0.003581,0.002793,0.041049,0.058741,+0.3012,3.9459,+0.3693
full_sample_X_gaussian_d2_26e192a0_snr9_signal_abs_nn_h10_tanh_alpha0.01_lbfgs_n1000_R100_K40_L25_y_lu2_fc03b0c073c0.npz,signal_abs,9.0,0.7,nn_h10_tanh_alpha0.01_lbfgs,20,relu,lbfgs,0.01,40,25,standard,2,0.8937,0.9000,0.001299,0.002631,0.012191,0.020630,+0.4090,0.002004,0.002404,0.016656,0.022241,+0.2511,4.3039,+0.3301
full_sample_X_gaussian_d2_26e192a0_snr9_signal_abs_nn_h10_tanh_alpha0.01_lbfgs_n1000_R100_bale_K40_L25_y_nb5_cfcc749f5c62.npz,signal_abs,9.0,0.7,nn_h10_tanh_alpha0.01_lbfgs,20,relu,lbfgs,0.01,40,25,bootstrap,0,0.8937,0.9000,0.001285,0.002631,0.011679,0.020630,+0.4339,0.001395,0.002404,0.018508,0.022241,+0.1679,1.1038,+0.3009
full_sample_X_gaussian_d2_f9df222f_snr9_signal_abs_nn_h10_relu_alpha0.001_lbfgs_n1000_R100_K20_L50_y_404090ef31ef.npz,signal_abs,9.0,0.9,nn_h10_relu_alpha0.001_lbfgs,20,relu,lbfgs,0.01,20,50,standard,0,0.8937,0.9000,0.002312,0.002145,0.032388,0.052282,+0.3805,0.008901,0.002793,0.051361,0.058741,+0.1256,3.8926,+0.2531
full_sample_X_gaussian_d2_27fda980_snr9_signal_threshold_nn_h10_relu_alpha0.001_lbfgs_n1000_R100_K40_L25_y_lu2_18d9ce0ad73c.npz,signal_threshold,9.0,0.5,nn_h10_relu_alpha0.001_lbfgs,10,tanh,lbfgs,0.0001,40,25,standard,2,0.8905,0.9000,0.008827,0.001788,0.024779,0.051548,+0.5193,0.001730,0.001602,0.021493,0.019784,-0.0864,3.1015,+0.2165
full_sample_X_gaussian_d2_26e192a0_snr9_signal_threshold_nn_h3_tanh_alpha0.0001_lbfgs_n1000_R100_K20_L50_y_d79f55ccbca2.npz,signal_threshold,9.0,0.7,nn_h3_tanh_alpha0.0001_lbfgs,10,tanh,lbfgs,0.0001,20,50,standard,0,0.8905,0.9000,0.065914,0.048290,0.105469,0.156317,+0.3253,0.007940,0.004061,0.121916,0.136034,+0.1038,4.0588,+0.2145
full_sample_X_gaussian_d2_26e192a0_snr9_signal_nonlinear_nn_h10_tanh_alpha0.0001_lbfgs_n1000_R100_bale_K40_L25_y_nb5_6c613338bac2.npz,signal_nonlinear,9.0,0.7,nn_h10_tanh_alpha0.0001_lbfgs,10,tanh,lbfgs,0.01,40,25,bootstrap,0,0.8882,0.9000,0.000154,0.000164,0.007333,0.012288,+0.4032,0.015738,0.006771,0.016183,0.016345,+0.0099,1.0919,+0.2066
full_sample_X_gaussian_d2_f9df222f_snr9_signal_threshold_nn_h20_relu_alpha0.01_lbfgs_n1000_R100_K10_L100_y_ca6c7bffea09.npz,signal_threshold,9.0,0.9,nn_h20_relu_alpha0.01_lbfgs,10,tanh,lbfgs,0.0001,10,100,standard,0,0.8905,0.9000,0.052098,0.004959,0.080320,0.116955,+0.3132,0.062033,0.000973,0.110550,0.119586,+0.0756,4.1068,+0.1944
full_sample_X_gaussian_d2_27fda980_snr9_signal_threshold_nn_h10_relu_alpha0.001_lbfgs_n1000_R100_bale_K40_L25_y_nb5_964520371c5b.npz,signal_threshold,9.0,0.5,nn_h10_relu_alpha0.001_lbfgs,10,tanh,lbfgs,0.0001,40,25,bootstrap,0,0.8905,0.9000,0.009320,0.001788,0.023643,0.051548,+0.5413,0.001736,0.001602,0.023723,0.019784,-0.1991,0.8084,+0.1711
full_sample_X_gaussian_d2_26e192a0_snr9_signal_nonlinear_nn_h10_tanh_alpha0.0001_lbfgs_n1000_R100_K40_L25_y_lu2_048bcb030cab.npz,signal_nonlinear,9.0,0.7,nn_h10_tanh_alpha0.0001_lbfgs,10,tanh,lbfgs,0.01,40,25,standard,2,0.8882,0.9000,0.000083,0.000164,0.005864,0.012288,+0.5228,0.016768,0.006771,0.019554,0.016345,-0.1964,4.2187,+0.1632
full_sample_X_gaussian_d2_26e192a0_snr9_signal_abs_nn_h10_tanh_alpha0.01_lbfgs_n1000_R100_K40_L25_y_936f95700b97.npz,signal_abs,9.0,0.7,nn_h10_tanh_alpha0.01_lbfgs,20,relu,lbfgs,0.01,40,25,standard,0,0.8937,0.9000,0.001370,0.002631,0.014667,0.020630,+0.2890,0.002151,0.002404,0.022105,0.022241,+0.0061,5.3938,+0.1476
full_sample_X_gaussian_d2_f9df222f_snr9_signal_cubic_nn_h10_relu_alpha0.001_lbfgs_n1000_R100_bale_K40_L25_y_nb5_32239dcc73fa.npz,signal_cubic,9.0,0.9,nn_h10_relu_alpha0.001_lbfgs,10,tanh,lbfgs,0.01,40,25,bootstrap,0,0.8866,0.9000,0.157659,0.167596,0.432283,0.360175,-0.2002,0.039967,0.166988,0.198324,0.298641,+0.3359,0.8149,+0.0679
full_sample_X_gaussian_d2_26e192a0_snr9_signal_nonlinear_nn_h10_tanh_alpha0.0001_lbfgs_n1000_R100_K40_L25_y_f296e5b5c071.npz,signal_nonlinear,9.0,0.7,nn_h10_tanh_alpha0.0001_lbfgs,10,tanh,lbfgs,0.01,40,25,standard,0,0.8882,0.9000,0.000103,0.000164,0.007162,0.012288,+0.4172,0.016769,0.006771,0.021462,0.016345,-0.3131,5.2739,+0.0520
full_sample_X_gaussian_d2_27fda980_snr9_signal_threshold_nn_h10_relu_alpha0.001_lbfgs_n1000_R100_K40_L25_y_7b201a376d8c.npz,signal_threshold,9.0,0.5,nn_h10_relu_alpha0.001_lbfgs,10,tanh,lbfgs,0.0001,40,25,standard,0,0.8905,0.9000,0.008891,0.001788,0.029155,0.051548,+0.4344,0.001729,0.001602,0.026407,0.019784,-0.3348,3.9052,+0.0498
full_sample_X_gaussian_d2_904658a8_snr9_signal_cubic_nn_h20_relu_alpha0.01_lbfgs_n1000_R100_K10_L100_y_b5c7c5e3c3b9.npz,signal_cubic,9.0,0.95,nn_h20_relu_alpha0.01_lbfgs,10,tanh,lbfgs,0.01,10,100,standard,0,0.8866,0.9000,3.866390,0.911883,1.904921,1.282459,-0.4854,0.085410,0.911391,0.520391,1.248572,+0.5832,4.3548,+0.0489
full_sample_X_gaussian_d2_87a9837a_snr9_signal_threshold_nn_h3_tanh_alpha0.0001_lbfgs_n1000_R100_K40_L25_y_lu2_2e06e15d8e5e.npz,signal_threshold,9.0,0.3,nn_h3_tanh_alpha0.0001_lbfgs,10,tanh,lbfgs,0.0001,40,25,standard,2,0.8905,0.9000,0.026331,0.017873,0.055445,0.067224,+0.1752,0.001332,0.000560,0.034812,0.030200,-0.1527,3.2682,+0.0113
full_sample_X_gaussian_d2_26e192a0_snr9_signal_basic_nn_h2_tanh_alpha0.001_lbfgs_n1000_R100_exp1_K40_L1_c8e000c2a003.npz,signal_basic,9.0,0.7,nn_h2_tanh_alpha0.001_lbfgs,3,tanh,lbfgs,0.0001,40,1,standard,0,0.9061,0.9000,0.012570,0.011481,0.060855,0.063247,+0.0378,0.025786,0.029074,0.188249,0.178045,-0.0573,2.5064,-0.0097
full_sample_X_gaussian_d2_904658a8_snr9_signal_basic_nn_h2_tanh_alpha0.001_lbfgs_n1000_R100_bale_K40_L25_y_nb5_22a0ae4f127f.npz,signal_basic,9.0,0.95,nn_h2_tanh_alpha0.001_lbfgs,3,tanh,lbfgs,0.0001,40,25,bootstrap,0,0.9061,0.9000,0.089224,0.073215,0.128559,0.127327,-0.0097,0.230916,0.218807,0.349594,0.340783,-0.0259,0.8229,-0.0178
full_sample_X_gaussian_d2_87a9837a_snr9_signal_threshold_nn_h3_tanh_alpha0.0001_lbfgs_n1000_R100_bale_K40_L25_y_nb5_1bd773e00b1d.npz,signal_threshold,9.0,0.3,nn_h3_tanh_alpha0.0001_lbfgs,10,tanh,lbfgs,0.0001,40,25,bootstrap,0,0.8905,0.9000,0.027094,0.017873,0.054714,0.067224,+0.1861,0.000771,0.000560,0.037008,0.030200,-0.2254,0.8406,-0.0197
full_sample_X_gaussian_d2_904658a8_snr9_signal_basic_nn_h2_tanh_alpha0.001_lbfgs_n1000_R100_K40_L25_y_lu2_e29b842249cf.npz,signal_basic,9.0,0.95,nn_h2_tanh_alpha0.001_lbfgs,3,tanh,lbfgs,0.0001,40,25,standard,2,0.9061,0.9000,0.086170,0.073215,0.127755,0.127327,-0.0034,0.225896,0.218807,0.354035,0.340783,-0.0389,3.1873,-0.0211
full_sample_X_gaussian_d2_904658a8_snr9_signal_basic_nn_h2_tanh_alpha0.001_lbfgs_n1000_R100_K40_L25_y_de8c0c5c4baf.npz,signal_basic,9.0,0.95,nn_h2_tanh_alpha0.001_lbfgs,3,tanh,lbfgs,0.0001,40,25,standard,0,0.9061,0.9000,0.086432,0.073215,0.128873,0.127327,-0.0121,0.225818,0.218807,0.355670,0.340783,-0.0437,3.9661,-0.0279
full_sample_X_gaussian_d2_f9df222f_snr9_signal_basic_nn_h2_tanh_alpha0.001_lbfgs_n1000_R100_bale_K40_L25_y_nb5_496bafe00183.npz,signal_basic,9.0,0.9,nn_h2_tanh_alpha0.001_lbfgs,3,tanh,lbfgs,0.0001,40,25,bootstrap,0,0.9061,0.9000,0.053896,0.041929,0.114240,0.110903,-0.0301,0.133905,0.124064,0.314001,0.301645,-0.0410,0.8062,-0.0355
full_sample_X_gaussian_d2_f9df222f_snr9_signal_basic_nn_h2_tanh_alpha0.001_lbfgs_n1000_R100_K40_L25_y_lu2_579400693789.npz,signal_basic,9.0,0.9,nn_h2_tanh_alpha0.001_lbfgs,3,tanh,lbfgs,0.0001,40,25,standard,2,0.9061,0.9000,0.051458,0.041929,0.113241,0.110903,-0.0211,0.128770,0.124064,0.317151,0.301645,-0.0514,3.1265,-0.0362
full_sample_X_gaussian_d2_f9df222f_snr9_signal_basic_nn_h2_tanh_alpha0.001_lbfgs_n1000_R100_K40_L25_y_4daf9ee83233.npz,signal_basic,9.0,0.9,nn_h2_tanh_alpha0.001_lbfgs,3,tanh,lbfgs,0.0001,40,25,standard,0,0.9061,0.9000,0.051626,0.041929,0.114744,0.110903,-0.0346,0.128905,0.124064,0.319711,0.301645,-0.0599,3.8802,-0.0473
full_sample_X_gaussian_d2_f9df222f_snr9_signal_cubic_nn_h10_relu_alpha0.001_lbfgs_n1000_R100_K40_L25_y_lu2_fe6f58a8f82c.npz,signal_cubic,9.0,0.9,nn_h10_relu_alpha0.001_lbfgs,10,tanh,lbfgs,0.01,40,25,standard,2,0.8866,0.9000,0.208653,0.167596,0.516485,0.360175,-0.4340,0.039474,0.166988,0.208938,0.298641,+0.3004,3.1572,-0.0668
full_sample_X_gaussian_d2_904658a8_snr9_signal_basic_nn_h2_tanh_alpha0.001_lbfgs_n1000_R100_K20_L50_y_035ec27c1abb.npz,signal_basic,9.0,0.95,nn_h2_tanh_alpha0.001_lbfgs,3,tanh,lbfgs,0.0001,20,50,standard,0,0.9061,0.9000,0.087214,0.073215,0.130867,0.127327,-0.0278,0.213831,0.218807,0.377892,0.340783,-0.1089,3.9497,-0.0683
full_sample_X_gaussian_d2_87a9837a_snr9_signal_threshold_nn_h3_tanh_alpha0.0001_lbfgs_n1000_R100_K40_L25_y_4cb81e12a803.npz,signal_threshold,9.0,0.3,nn_h3_tanh_alpha0.0001_lbfgs,10,tanh,lbfgs,0.0001,40,25,standard,0,0.8905,0.9000,0.026520,0.017873,0.057007,0.067224,+0.1520,0.001410,0.000560,0.039326,0.030200,-0.3022,4.0903,-0.0751
full_sample_X_gaussian_d2_26e192a0_snr9_signal_basic_nn_h2_tanh_alpha0.001_lbfgs_n1000_R100_K40_L25_y_lu2_6bd0fa9ab2eb.npz,signal_basic,9.0,0.7,nn_h2_tanh_alpha0.001_lbfgs,3,tanh,lbfgs,0.0001,40,25,standard,2,0.9061,0.9000,0.013440,0.011481,0.068959,0.063247,-0.0903,0.027309,0.029074,0.193720,0.178045,-0.0880,3.1970,-0.0892
full_sample_X_gaussian_d2_f9df222f_snr9_signal_basic_nn_h2_tanh_alpha0.001_lbfgs_n1000_R100_K20_L50_y_355f8b4b0acc.npz,signal_basic,9.0,0.9,nn_h2_tanh_alpha0.001_lbfgs,3,tanh,lbfgs,0.0001,20,50,standard,0,0.9061,0.9000,0.051988,0.041929,0.116271,0.110903,-0.0484,0.119467,0.124064,0.341948,0.301645,-0.1336,3.8573,-0.0910
full_sample_X_gaussian_d2_26e192a0_snr9_signal_basic_nn_h2_tanh_alpha0.001_lbfgs_n1000_R100_bale_K40_L25_y_nb5_2e685b9a2808.npz,signal_basic,9.0,0.7,nn_h2_tanh_alpha0.001_lbfgs,3,tanh,lbfgs,0.0001,40,25,bootstrap,0,0.9061,0.9000,0.014513,0.011481,0.071349,0.063247,-0.1281,0.030706,0.029074,0.192528,0.178045,-0.0813,0.8260,-0.1047
full_sample_X_gaussian_d2_f9df222f_snr9_signal_abs_nn_h10_relu_alpha0.001_lbfgs_n1000_R100_K10_L100_y_6889e8d96349.npz,signal_abs,9.0,0.9,nn_h10_relu_alpha0.001_lbfgs,20,relu,lbfgs,0.01,10,100,standard,0,0.8937,0.9000,0.002912,0.002145,0.037355,0.052282,+0.2855,0.041498,0.002793,0.088646,0.058741,-0.5091,3.6798,-0.1118
full_sample_X_gaussian_d2_26e192a0_snr9_signal_basic_nn_h2_tanh_alpha0.001_lbfgs_n1000_R100_K40_L25_y_7160498c6aec.npz,signal_basic,9.0,0.7,nn_h2_tanh_alpha0.001_lbfgs,3,tanh,lbfgs,0.0001,40,25,standard,0,0.9061,0.9000,0.013562,0.011481,0.071085,0.063247,-0.1239,0.027677,0.029074,0.196940,0.178045,-0.1061,4.0189,-0.1150
full_sample_X_gaussian_d2_26e192a0_snr9_signal_basic_nn_h2_tanh_alpha0.001_lbfgs_n1000_R100_exp1_K40_L25_7160498c6aec.npz,signal_basic,9.0,0.7,nn_h2_tanh_alpha0.001_lbfgs,3,tanh,lbfgs,0.0001,40,25,standard,0,0.9061,0.9000,0.013562,0.011481,0.071085,0.063247,-0.1239,0.027677,0.029074,0.196940,0.178045,-0.1061,4.1079,-0.1150
full_sample_X_gaussian_d2_27fda980_snr9_signal_abs_nn_h10_tanh_alpha0.01_lbfgs_n1000_R100_K40_L25_y_lu2_e2d345c036e1.npz,signal_abs,9.0,0.5,nn_h10_tanh_alpha0.01_lbfgs,20,relu,lbfgs,0.01,40,25,standard,2,0.8937,0.9000,0.001435,0.001674,0.009312,0.009266,-0.0050,0.001693,0.000974,0.013291,0.010444,-0.2726,4.2034,-0.1388
full_sample_X_gaussian_d2_12761c10_snr9_signal_threshold_nn_h3_tanh_alpha0.0001_lbfgs_n1000_R100_K40_L25_y_lu2_839b1cd8ac1d.npz,signal_threshold,9.0,0.0,nn_h3_tanh_alpha0.0001_lbfgs,10,tanh,lbfgs,0.0001,40,25,standard,2,0.8905,0.9000,0.020350,0.010210,0.047788,0.040387,-0.1833,0.001039,0.002007,0.066979,0.060966,-0.0986,3.2410,-0.1410
full_sample_X_gaussian_d2_26e192a0_snr9_signal_basic_nn_h2_tanh_alpha0.001_lbfgs_n1000_R100_exp1_K10_L1_62bb9bc7e5db.npz,signal_basic,9.0,0.7,nn_h2_tanh_alpha0.001_lbfgs,3,tanh,lbfgs,0.0001,10,1,standard,0,0.9061,0.9000,0.013091,0.011481,0.061391,0.063247,+0.0293,0.025865,0.029074,0.233680,0.178045,-0.3125,0.7452,-0.1416
full_sample_X_gaussian_d2_12761c10_snr9_signal_threshold_nn_h3_tanh_alpha0.0001_lbfgs_n1000_R100_bale_K40_L25_y_nb5_b69c5f0f945b.npz,signal_threshold,9.0,0.0,nn_h3_tanh_alpha0.0001_lbfgs,10,tanh,lbfgs,0.0001,40,25,bootstrap,0,0.8905,0.9000,0.020988,0.010210,0.046914,0.040387,-0.1616,0.001820,0.002007,0.069625,0.060966,-0.1420,0.8400,-0.1518
full_sample_X_gaussian_d2_26e192a0_snr9_signal_basic_nn_h2_tanh_alpha0.001_lbfgs_n1000_R100_exp2_KL500_5ee8cd02f522.npz,signal_basic,9.0,0.7,nn_h2_tanh_alpha0.001_lbfgs,3,tanh,lbfgs,0.0001,20,25,standard,0,0.9061,0.9000,0.013907,0.011481,0.071505,0.063247,-0.1306,0.023416,0.029074,0.211050,0.178045,-0.1854,5.3231,-0.1580
full_sample_X_gaussian_d2_904658a8_snr9_signal_basic_nn_h2_tanh_alpha0.001_lbfgs_n1000_R100_K10_L100_y_218b5416dafc.npz,signal_basic,9.0,0.95,nn_h2_tanh_alpha0.001_lbfgs,3,tanh,lbfgs,0.0001,10,100,standard,0,0.9061,0.9000,0.091507,0.073215,0.135488,0.127327,-0.0641,0.212095,0.218807,0.440097,0.340783,-0.2914,3.7538,-0.1778
full_sample_X_gaussian_d2_26e192a0_snr9_signal_basic_nn_h2_tanh_alpha0.001_lbfgs_n1000_R100_K20_L50_y_c8f41adc6d1b.npz,signal_basic,9.0,0.7,nn_h2_tanh_alpha0.001_lbfgs,3,tanh,lbfgs,0.0001,20,50,standard,0,0.9061,0.9000,0.013934,0.011481,0.072213,0.063247,-0.1418,0.023537,0.029074,0.218100,0.178045,-0.2250,3.9581,-0.1834
full_sample_X_gaussian_d2_26e192a0_snr9_signal_basic_nn_h2_tanh_alpha0.001_lbfgs_n1000_R100_exp3_fixed_K40_L25_04b1f20acba8.npz,signal_basic,9.0,0.7,nn_h2_tanh_alpha0.001_lbfgs,3,tanh,lbfgs,0.0001,40,25,standard,0,0.9061,0.9000,0.014259,0.011481,0.074457,0.063247,-0.1772,0.022481,0.029074,0.217476,0.178045,-0.2215,4.0904,-0.1994
full_sample_X_gaussian_d2_26e192a0_snr9_signal_nonlinear_nn_h10_tanh_alpha0.0001_lbfgs_n1000_R100_K20_L50_y_9bbdc57f52df.npz,signal_nonlinear,9.0,0.7,nn_h10_tanh_alpha0.0001_lbfgs,10,tanh,lbfgs,0.01,20,50,standard,0,0.8882,0.9000,0.000341,0.000164,0.009727,0.012288,+0.2084,0.036907,0.006771,0.026342,0.016345,-0.6116,5.2429,-0.2016
full_sample_X_gaussian_d2_f9df222f_snr9_signal_cubic_nn_h10_relu_alpha0.001_lbfgs_n1000_R100_K40_L25_y_2f7ccbb4ec43.npz,signal_cubic,9.0,0.9,nn_h10_relu_alpha0.001_lbfgs,10,tanh,lbfgs,0.01,40,25,standard,0,0.8866,0.9000,0.228864,0.167596,0.586958,0.360175,-0.6296,0.046709,0.166988,0.242202,0.298641,+0.1890,3.9741,-0.2203
full_sample_X_gaussian_d2_f9df222f_snr9_signal_basic_nn_h2_tanh_alpha0.001_lbfgs_n1000_R100_K10_L100_y_a9b95bd29bfa.npz,signal_basic,9.0,0.9,nn_h2_tanh_alpha0.001_lbfgs,3,tanh,lbfgs,0.0001,10,100,standard,0,0.9061,0.9000,0.055178,0.041929,0.121519,0.110903,-0.0957,0.120066,0.124064,0.405808,0.301645,-0.3453,3.7107,-0.2205
full_sample_X_gaussian_d2_26e192a0_snr9_signal_basic_nn_h2_tanh_alpha0.001_lbfgs_n1000_R100_exp2_KL100_3fca2c518e28.npz,signal_basic,9.0,0.7,nn_h2_tanh_alpha0.001_lbfgs,3,tanh,lbfgs,0.0001,10,10,standard,0,0.9061,0.9000,0.015269,0.011481,0.072711,0.063247,-0.1496,0.029679,0.029074,0.235791,0.178045,-0.3243,4.1867,-0.2370
full_sample_X_gaussian_d2_26e192a0_snr9_signal_threshold_nn_h3_tanh_alpha0.0001_lbfgs_n1000_R100_K10_L100_y_b8fe5cb52637.npz,signal_threshold,9.0,0.7,nn_h3_tanh_alpha0.0001_lbfgs,10,tanh,lbfgs,0.0001,10,100,standard,0,0.8905,0.9000,0.095885,0.048290,0.141973,0.156317,+0.0918,0.035988,0.004061,0.214662,0.136034,-0.5780,3.8560,-0.2431
full_sample_X_gaussian_d2_26e192a0_snr9_signal_cubic_nn_h10_relu_alpha0.001_lbfgs_n1000_R100_bale_K40_L25_y_nb5_968085e9ee1d.npz,signal_cubic,9.0,0.7,nn_h10_relu_alpha0.001_lbfgs,10,tanh,lbfgs,0.01,40,25,bootstrap,0,0.8866,0.9000,0.143150,0.049684,0.331209,0.203312,-0.6291,0.012478,0.039187,0.120654,0.140488,+0.1412,0.8408,-0.2439
full_sample_X_gaussian_d2_12761c10_snr9_signal_threshold_nn_h3_tanh_alpha0.0001_lbfgs_n1000_R100_K40_L25_y_fb18c8ce8e64.npz,signal_threshold,9.0,0.0,nn_h3_tanh_alpha0.0001_lbfgs,10,tanh,lbfgs,0.0001,40,25,standard,0,0.8905,0.9000,0.020426,0.010210,0.053080,0.040387,-0.3143,0.001108,0.002007,0.072136,0.060966,-0.1832,4.0720,-0.2488
full_sample_X_gaussian_d2_27fda980_snr9_signal_abs_nn_h10_tanh_alpha0.01_lbfgs_n1000_R100_bale_K40_L25_y_nb5_20761842f882.npz,signal_abs,9.0,0.5,nn_h10_tanh_alpha0.01_lbfgs,20,relu,lbfgs,0.01,40,25,bootstrap,0,0.8937,0.9000,0.001402,0.001674,0.009335,0.009266,-0.0074,0.001245,0.000974,0.015754,0.010444,-0.5084,1.0812,-0.2579
full_sample_X_gaussian_d2_26e192a0_snr9_signal_basic_nn_h2_tanh_alpha0.001_lbfgs_n1000_R100_exp1_K10_L25_21b49ff58264.npz,signal_basic,9.0,0.7,nn_h2_tanh_alpha0.001_lbfgs,3,tanh,lbfgs,0.0001,10,25,standard,0,0.9061,0.9000,0.015361,0.011481,0.073480,0.063247,-0.1618,0.029717,0.029074,0.244097,0.178045,-0.3710,5.5890,-0.2664
full_sample_X_gaussian_d2_26e192a0_snr9_signal_basic_nn_h2_tanh_alpha0.001_lbfgs_n1000_R100_exp2_KL250_21b49ff58264.npz,signal_basic,9.0,0.7,nn_h2_tanh_alpha0.001_lbfgs,3,tanh,lbfgs,0.0001,10,25,standard,0,0.9061,0.9000,0.015361,0.011481,0.073480,0.063247,-0.1618,0.029717,0.029074,0.244097,0.178045,-0.3710,5.5252,-0.2664
full_sample_X_gaussian_d2_27fda980_snr9_signal_cubic_nn_h10_tanh_alpha0.0001_lbfgs_n1000_R100_bale_K40_L25_y_nb5_aaffcc8ac822.npz,signal_cubic,9.0,0.5,nn_h10_tanh_alpha0.0001_lbfgs,10,tanh,lbfgs,0.01,40,25,bootstrap,0,0.8866,0.9000,0.159561,0.023373,0.226421,0.126709,-0.7869,0.001019,0.002392,0.057822,0.074014,+0.2188,1.1129,-0.2841
full_sample_X_gaussian_d2_26e192a0_snr9_signal_abs_nn_h10_tanh_alpha0.01_lbfgs_n1000_R100_K20_L50_y_51ffb2c4a244.npz,signal_abs,9.0,0.7,nn_h10_tanh_alpha0.01_lbfgs,20,relu,lbfgs,0.01,20,50,standard,0,0.8937,0.9000,0.001680,0.002631,0.017900,0.020630,+0.1323,0.009399,0.002404,0.039256,0.022241,-0.7650,5.3438,-0.3163
full_sample_X_gaussian_d2_27fda980_snr9_signal_nonlinear_nn_h10_tanh_alpha0.0001_lbfgs_n1000_R100_K40_L25_y_lu2_cd8e0b2bb39b.npz,signal_nonlinear,9.0,0.5,nn_h10_tanh_alpha0.0001_lbfgs,10,tanh,lbfgs,0.01,40,25,standard,2,0.8882,0.9000,0.000069,0.000141,0.004041,0.004798,+0.1578,0.013263,0.004640,0.017301,0.009287,-0.8629,4.2362,-0.3525
full_sample_X_gaussian_d2_27fda980_snr9_signal_threshold_nn_h10_relu_alpha0.001_lbfgs_n1000_R100_K20_L50_y_c59d29e17ca3.npz,signal_threshold,9.0,0.5,nn_h10_relu_alpha0.001_lbfgs,10,tanh,lbfgs,0.0001,20,50,standard,0,0.8905,0.9000,0.019676,0.001788,0.034905,0.051548,+0.3229,0.005667,0.001602,0.040244,0.019784,-1.0342,3.8762,-0.3556
full_sample_X_gaussian_d2_26e192a0_snr9_signal_basic_nn_h2_tanh_alpha0.001_lbfgs_n1000_R100_K10_L100_y_dd7873d5aa3d.npz,signal_basic,9.0,0.7,nn_h2_tanh_alpha0.001_lbfgs,3,tanh,lbfgs,0.0001,10,100,standard,0,0.9061,0.9000,0.015359,0.011481,0.076332,0.063247,-0.2069,0.030688,0.029074,0.283534,0.178045,-0.5925,3.8016,-0.3997
full_sample_X_gaussian_d2_26e192a0_snr9_signal_basic_nn_h2_tanh_alpha0.001_lbfgs_n1000_R100_exp1_K10_L100_dd7873d5aa3d.npz,signal_basic,9.0,0.7,nn_h2_tanh_alpha0.001_lbfgs,3,tanh,lbfgs,0.0001,10,100,standard,0,0.9061,0.9000,0.015359,0.011481,0.076332,0.063247,-0.2069,0.030688,0.029074,0.283534,0.178045,-0.5925,3.8538,-0.3997
full_sample_X_gaussian_d2_87a9837a_snr9_signal_threshold_nn_h3_tanh_alpha0.0001_lbfgs_n1000_R100_K20_L50_y_36e9368ebd19.npz,signal_threshold,9.0,0.3,nn_h3_tanh_alpha0.0001_lbfgs,10,tanh,lbfgs,0.0001,20,50,standard,0,0.8905,0.9000,0.037769,0.017873,0.061446,0.067224,+0.0860,0.008541,0.000560,0.058582,0.030200,-0.9398,4.0352,-0.4269
full_sample_X_gaussian_d2_27fda980_snr9_signal_nonlinear_nn_h10_tanh_alpha0.0001_lbfgs_n1000_R100_bale_K40_L25_y_nb5_74b52bf1b2c4.npz,signal_nonlinear,9.0,0.5,nn_h10_tanh_alpha0.0001_lbfgs,10,tanh,lbfgs,0.01,40,25,bootstrap,0,0.8882,0.9000,0.000169,0.000141,0.005971,0.004798,-0.2444,0.012556,0.004640,0.014973,0.009287,-0.6123,1.0933,-0.4284
full_sample_X_gaussian_d2_26e192a0_snr9_signal_cubic_nn_h10_relu_alpha0.001_lbfgs_n1000_R100_K40_L25_y_lu2_098a4928ede4.npz,signal_cubic,9.0,0.7,nn_h10_relu_alpha0.001_lbfgs,10,tanh,lbfgs,0.01,40,25,standard,2,0.8866,0.9000,0.183845,0.049684,0.390201,0.203312,-0.9192,0.010910,0.039187,0.131709,0.140488,+0.0625,3.2075,-0.4284
full_sample_X_gaussian_d2_26e192a0_snr9_signal_basic_nn_h2_tanh_alpha0.001_lbfgs_n1000_R100_exp2_KL25_5045996a8934.npz,signal_basic,9.0,0.7,nn_h2_tanh_alpha0.001_lbfgs,3,tanh,lbfgs,0.0001,5,5,standard,0,0.9061,0.9000,0.021533,0.011481,0.074755,0.063247,-0.1820,0.106283,0.029074,0.299168,0.178045,-0.6803,1.5406,-0.4311
full_sample_X_gaussian_d2_27fda980_snr9_signal_cubic_nn_h10_tanh_alpha0.0001_lbfgs_n1000_R100_K40_L25_y_lu2_b7b45c628098.npz,signal_cubic,9.0,0.5,nn_h10_tanh_alpha0.0001_lbfgs,10,tanh,lbfgs,0.01,40,25,standard,2,0.8866,0.9000,0.232686,0.023373,0.249670,0.126709,-0.9704,0.001970,0.002392,0.066902,0.074014,+0.0961,4.3086,-0.4372
full_sample_X_gaussian_d2_27fda980_snr9_signal_abs_nn_h10_tanh_alpha0.01_lbfgs_n1000_R100_K40_L25_y_4597333aa296.npz,signal_abs,9.0,0.5,nn_h10_tanh_alpha0.01_lbfgs,20,relu,lbfgs,0.01,40,25,standard,0,0.8937,0.9000,0.001525,0.001674,0.011547,0.009266,-0.2461,0.001694,0.000974,0.017735,0.010444,-0.6981,5.2662,-0.4721
full_sample_X_gaussian_d2_12761c10_snr9_signal_threshold_nn_h3_tanh_alpha0.0001_lbfgs_n1000_R100_K20_L50_y_18d6637419cc.npz,signal_threshold,9.0,0.0,nn_h3_tanh_alpha0.0001_lbfgs,10,tanh,lbfgs,0.0001,20,50,standard,0,0.8905,0.9000,0.029977,0.010210,0.053648,0.040387,-0.3284,0.005292,0.002007,0.098641,0.060966,-0.6180,4.0157,-0.4732
full_sample_X_gaussian_d2_87a9837a_snr9_signal_basic_nn_h2_tanh_alpha0.001_lbfgs_n1000_R100_K40_L25_y_lu2_35e573f201f6.npz,signal_basic,9.0,0.3,nn_h2_tanh_alpha0.001_lbfgs,3,tanh,lbfgs,0.0001,40,25,standard,2,0.9061,0.9000,0.000804,0.000667,0.002161,0.001785,-0.2102,0.002152,0.001798,0.006362,0.003647,-0.7443,3.2148,-0.4773
full_sample_X_gaussian_d2_87a9837a_snr9_signal_abs_nn_h20_relu_alpha0.01_lbfgs_n1000_R100_K40_L25_y_lu2_fb5b4a7366fd.npz,signal_abs,9.0,0.3,nn_h20_relu_alpha0.01_lbfgs,20,relu,lbfgs,0.01,40,25,standard,2,0.8937,0.9000,0.000429,0.000379,0.005634,0.004316,-0.3054,0.001473,0.000356,0.013505,0.008158,-0.6554,3.7011,-0.4804
full_sample_X_gaussian_d2_87a9837a_snr9_signal_cubic_nn_h10_relu_alpha0.001_lbfgs_n1000_R100_bale_K40_L25_y_nb5_b7fa3b2ad5ec.npz,signal_cubic,9.0,0.3,nn_h10_relu_alpha0.001_lbfgs,10,tanh,lbfgs,0.01,40,25,bootstrap,0,0.8866,0.9000,0.100932,0.026456,0.310062,0.182608,-0.6980,0.011093,0.012658,0.074672,0.058424,-0.2781,0.8163,-0.4880
full_sample_X_gaussian_d2_27fda980_snr9_signal_basic_nn_h2_tanh_alpha0.001_lbfgs_n1000_R100_K40_L25_y_lu2_1d7bbde7ba5c.npz,signal_basic,9.0,0.5,nn_h2_tanh_alpha0.001_lbfgs,3,tanh,lbfgs,0.0001,40,25,standard,2,0.9061,0.9000,0.000859,0.000693,0.002466,0.002071,-0.1909,0.002482,0.001949,0.006873,0.003841,-0.7893,3.1641,-0.4901
full_sample_X_gaussian_d2_12761c10_snr9_signal_abs_nn_h20_relu_alpha0.01_lbfgs_n1000_R100_K40_L25_y_lu2_c0fb5018ffe3.npz,signal_abs,9.0,0.0,nn_h20_relu_alpha0.01_lbfgs,20,relu,lbfgs,0.01,40,25,standard,2,0.8937,0.9000,0.000367,0.000300,0.006151,0.004247,-0.4482,0.000932,0.000169,0.012215,0.007715,-0.5832,3.6470,-0.5157
full_sample_X_gaussian_d2_87a9837a_snr9_signal_nonlinear_nn_h10_tanh_alpha0.0001_lbfgs_n1000_R100_K40_L25_y_lu2_bae79ca9fdf6.npz,signal_nonlinear,9.0,0.3,nn_h10_tanh_alpha0.0001_lbfgs,10,tanh,lbfgs,0.01,40,25,standard,2,0.8882,0.9000,0.000063,0.000070,0.003506,0.003401,-0.0309,0.010211,0.003581,0.015294,0.007520,-1.0338,4.2519,-0.5323
full_sample_X_gaussian_d2_27fda980_snr9_signal_nonlinear_nn_h10_tanh_alpha0.0001_lbfgs_n1000_R100_K40_L25_y_4b1cdfaa21e9.npz,signal_nonlinear,9.0,0.5,nn_h10_tanh_alpha0.0001_lbfgs,10,tanh,lbfgs,0.01,40,25,standard,0,0.8882,0.9000,0.000088,0.000141,0.005171,0.004798,-0.0776,0.013318,0.004640,0.018981,0.009287,-1.0438,5.2922,-0.5607
full_sample_X_gaussian_d2_12761c10_snr9_signal_nonlinear_nn_h10_tanh_alpha0.01_lbfgs_n1000_R100_K40_L25_y_lu2_5f21c93d805b.npz,signal_nonlinear,9.0,0.0,nn_h10_tanh_alpha0.01_lbfgs,10,tanh,lbfgs,0.01,40,25,standard,2,0.8882,0.9000,0.000076,0.000059,0.003602,0.002845,-0.2663,0.006030,0.001485,0.012135,0.006434,-0.8860,4.2221,-0.5761
full_sample_X_gaussian_d2_12761c10_snr9_signal_cubic_nn_h10_tanh_alpha0.01_lbfgs_n1000_R100_bale_K40_L25_y_nb5_700e4caa46be.npz,signal_cubic,9.0,0.0,nn_h10_tanh_alpha0.01_lbfgs,10,tanh,lbfgs,0.01,40,25,bootstrap,0,0.8866,0.9000,0.119508,0.001516,0.283973,0.143356,-0.9809,0.001130,0.000779,0.043416,0.036937,-0.1754,1.1265,-0.5781
full_sample_X_gaussian_d2_87a9837a_snr9_signal_cubic_nn_h10_relu_alpha0.001_lbfgs_n1000_R100_K40_L25_y_lu2_3a72fd98082c.npz,signal_cubic,9.0,0.3,nn_h10_relu_alpha0.001_lbfgs,10,tanh,lbfgs,0.01,40,25,standard,2,0.8866,0.9000,0.125407,0.026456,0.337685,0.182608,-0.8492,0.010836,0.012658,0.077074,0.058424,-0.3192,3.1736,-0.5842
full_sample_X_gaussian_d2_26e192a0_snr9_signal_nonlinear_nn_h10_tanh_alpha0.0001_lbfgs_n1000_R100_K10_L100_y_65868e3e66fb.npz,signal_nonlinear,9.0,0.7,nn_h10_tanh_alpha0.0001_lbfgs,10,tanh,lbfgs,0.01,10,100,standard,0,0.8882,0.9000,0.001519,0.000164,0.015421,0.012288,-0.2550,0.207564,0.006771,0.031653,0.016345,-0.9366,4.9641,-0.5958
full_sample_X_gaussian_d2_26e192a0_snr9_signal_basic_nn_h2_tanh_alpha0.001_lbfgs_n1000_R100_exp3_fixed_K10_L100_5321ac24a58a.npz,signal_basic,9.0,0.7,nn_h2_tanh_alpha0.001_lbfgs,3,tanh,lbfgs,0.0001,10,100,standard,0,0.9061,0.9000,0.017536,0.011481,0.082085,0.063247,-0.2979,0.046153,0.029074,0.355363,0.178045,-0.9959,3.8667,-0.6469
full_sample_X_gaussian_d2_87a9837a_snr9_signal_abs_nn_h20_relu_alpha0.01_lbfgs_n1000_R100_bale_K40_L25_y_nb5_3bf8ac4e32a7.npz,signal_abs,9.0,0.3,nn_h20_relu_alpha0.01_lbfgs,20,relu,lbfgs,0.01,40,25,bootstrap,0,0.8937,0.9000,0.000456,0.000379,0.005831,0.004316,-0.3509,0.001024,0.000356,0.016046,0.008158,-0.9669,0.9673,-0.6589
full_sample_X_gaussian_d2_12761c10_snr9_signal_cubic_nn_h10_tanh_alpha0.01_lbfgs_n1000_R100_K40_L25_y_lu2_2b2fad49ca9a.npz,signal_cubic,9.0,0.0,nn_h10_tanh_alpha0.01_lbfgs,10,tanh,lbfgs,0.01,40,25,standard,2,0.8866,0.9000,0.187354,0.001516,0.321125,0.143356,-1.2400,0.001338,0.000779,0.043133,0.036937,-0.1677,4.3363,-0.7039
full_sample_X_gaussian_d2_26e192a0_snr9_signal_cubic_nn_h10_relu_alpha0.001_lbfgs_n1000_R100_K40_L25_y_e8188b64e389.npz,signal_cubic,9.0,0.7,nn_h10_relu_alpha0.001_lbfgs,10,tanh,lbfgs,0.01,40,25,standard,0,0.8866,0.9000,0.189899,0.049684,0.463076,0.203312,-1.2777,0.013394,0.039187,0.159933,0.140488,-0.1384,4.0428,-0.7080
full_sample_X_gaussian_d2_87a9837a_snr9_signal_nonlinear_nn_h10_tanh_alpha0.0001_lbfgs_n1000_R100_bale_K40_L25_y_nb5_3f76c5496a3d.npz,signal_nonlinear,9.0,0.3,nn_h10_tanh_alpha0.0001_lbfgs,10,tanh,lbfgs,0.01,40,25,bootstrap,0,0.8882,0.9000,0.000193,0.000070,0.005602,0.003401,-0.6470,0.009881,0.003581,0.013617,0.007520,-0.8108,1.0997,-0.7289
full_sample_X_gaussian_d2_12761c10_snr9_signal_abs_nn_h20_relu_alpha0.01_lbfgs_n1000_R100_bale_K40_L25_y_nb5_8b5a311d85df.npz,signal_abs,9.0,0.0,nn_h20_relu_alpha0.01_lbfgs,20,relu,lbfgs,0.01,40,25,bootstrap,0,0.8937,0.9000,0.000415,0.000300,0.006436,0.004247,-0.5155,0.000627,0.000169,0.015809,0.007715,-1.0491,0.9449,-0.7823
full_sample_X_gaussian_d2_87a9837a_snr9_signal_nonlinear_nn_h10_tanh_alpha0.0001_lbfgs_n1000_R100_K40_L25_y_45baef8ab8cb.npz,signal_nonlinear,9.0,0.3,nn_h10_tanh_alpha0.0001_lbfgs,10,tanh,lbfgs,0.01,40,25,standard,0,0.8882,0.9000,0.000081,0.000070,0.004689,0.003401,-0.3787,0.010098,0.003581,0.016587,0.007520,-1.2057,5.3483,-0.7922
full_sample_X_gaussian_d2_f9df222f_snr9_signal_cubic_nn_h10_relu_alpha0.001_lbfgs_n1000_R100_K20_L50_y_10d752ec532e.npz,signal_cubic,9.0,0.9,nn_h10_relu_alpha0.001_lbfgs,10,tanh,lbfgs,0.01,20,50,standard,0,0.8866,0.9000,0.839810,0.167596,1.012586,0.360175,-1.8114,0.051804,0.166988,0.271989,0.298641,+0.0892,3.9013,-0.8611
full_sample_X_gaussian_d2_12761c10_snr9_signal_nonlinear_nn_h10_tanh_alpha0.01_lbfgs_n1000_R100_K40_L25_y_9bec387575f6.npz,signal_nonlinear,9.0,0.0,nn_h10_tanh_alpha0.01_lbfgs,10,tanh,lbfgs,0.01,40,25,standard,0,0.8882,0.9000,0.000077,0.000059,0.004670,0.002845,-0.6417,0.006161,0.001485,0.013485,0.006434,-1.0958,5.2983,-0.8687
full_sample_X_gaussian_d2_27fda980_snr9_signal_cubic_nn_h10_tanh_alpha0.0001_lbfgs_n1000_R100_K40_L25_y_acf4b86d4305.npz,signal_cubic,9.0,0.5,nn_h10_tanh_alpha0.0001_lbfgs,10,tanh,lbfgs,0.01,40,25,standard,0,0.8866,0.9000,0.232267,0.023373,0.323889,0.126709,-1.5562,0.002057,0.002392,0.087627,0.074014,-0.1839,5.4400,-0.8700
full_sample_X_gaussian_d2_27fda980_snr9_signal_nonlinear_nn_h10_tanh_alpha0.0001_lbfgs_n1000_R100_K20_L50_y_326a00da6691.npz,signal_nonlinear,9.0,0.5,nn_h10_tanh_alpha0.0001_lbfgs,10,tanh,lbfgs,0.01,20,50,standard,0,0.8882,0.9000,0.000222,0.000141,0.006640,0.004798,-0.3838,0.035510,0.004640,0.022672,0.009287,-1.4412,5.2203,-0.9125
full_sample_X_gaussian_d2_87a9837a_snr9_signal_basic_nn_h2_tanh_alpha0.001_lbfgs_n1000_R100_K40_L25_y_478dfb935687.npz,signal_basic,9.0,0.3,nn_h2_tanh_alpha0.001_lbfgs,3,tanh,lbfgs,0.0001,40,25,standard,0,0.9061,0.9000,0.000956,0.000667,0.002451,0.001785,-0.3727,0.002214,0.001798,0.008979,0.003647,-1.4618,4.0618,-0.9173
full_sample_X_gaussian_d2_12761c10_snr9_signal_nonlinear_nn_h10_tanh_alpha0.01_lbfgs_n1000_R100_bale_K40_L25_y_nb5_fc974457750e.npz,signal_nonlinear,9.0,0.0,nn_h10_tanh_alpha0.01_lbfgs,10,tanh,lbfgs,0.01,40,25,bootstrap,0,0.8882,0.9000,0.000186,0.000059,0.005859,0.002845,-1.0597,0.006324,0.001485,0.011431,0.006434,-0.7765,1.1001,-0.9181
full_sample_X_gaussian_d2_87a9837a_snr9_signal_cubic_nn_h10_relu_alpha0.001_lbfgs_n1000_R100_K40_L25_y_d7c66f819769.npz,signal_cubic,9.0,0.3,nn_h10_relu_alpha0.001_lbfgs,10,tanh,lbfgs,0.01,40,25,standard,0,0.8866,0.9000,0.129298,0.026456,0.404768,0.182608,-1.2166,0.011178,0.012658,0.095576,0.058424,-0.6359,3.9706,-0.9262
full_sample_X_gaussian_d2_27fda980_snr9_signal_basic_nn_h2_tanh_alpha0.001_lbfgs_n1000_R100_K40_L25_y_03e811d61c15.npz,signal_basic,9.0,0.5,nn_h2_tanh_alpha0.001_lbfgs,3,tanh,lbfgs,0.0001,40,25,standard,0,0.9061,0.9000,0.001036,0.000693,0.002814,0.002071,-0.3588,0.002544,0.001949,0.009669,0.003841,-1.5172,4.0175,-0.9380
full_sample_X_gaussian_d2_87a9837a_snr9_signal_abs_nn_h20_relu_alpha0.01_lbfgs_n1000_R100_K40_L25_y_78ad31d7e4ac.npz,signal_abs,9.0,0.3,nn_h20_relu_alpha0.01_lbfgs,20,relu,lbfgs,0.01,40,25,standard,0,0.8937,0.9000,0.000474,0.000379,0.007406,0.004316,-0.7158,0.001565,0.000356,0.018079,0.008158,-1.2160,4.6662,-0.9659
full_sample_X_gaussian_d2_12761c10_snr9_signal_abs_nn_h20_relu_alpha0.01_lbfgs_n1000_R100_K40_L25_y_30b0cc7bc04a.npz,signal_abs,9.0,0.0,nn_h20_relu_alpha0.01_lbfgs,20,relu,lbfgs,0.01,40,25,standard,0,0.8937,0.9000,0.000410,0.000300,0.008327,0.004247,-0.9605,0.001040,0.000169,0.017528,0.007715,-1.2718,4.5900,-1.1162
full_sample_X_gaussian_d2_12761c10_snr9_signal_cubic_nn_h10_tanh_alpha0.01_lbfgs_n1000_R100_K40_L25_y_5b517fef878b.npz,signal_cubic,9.0,0.0,nn_h10_tanh_alpha0.01_lbfgs,10,tanh,lbfgs,0.01,40,25,standard,0,0.8866,0.9000,0.190297,0.001516,0.387284,0.143356,-1.7016,0.001503,0.000779,0.063711,0.036937,-0.7248,5.4020,-1.2132
full_sample_X_gaussian_d2_12761c10_snr9_signal_threshold_nn_h3_tanh_alpha0.0001_lbfgs_n1000_R100_K10_L100_y_d8a9551a0d65.npz,signal_threshold,9.0,0.0,nn_h3_tanh_alpha0.0001_lbfgs,10,tanh,lbfgs,0.0001,10,100,standard,0,0.8905,0.9000,0.056322,0.010210,0.069581,0.040387,-0.7229,0.036757,0.002007,0.171988,0.060966,-1.8210,3.8418,-1.2720
full_sample_X_gaussian_d2_87a9837a_snr9_signal_nonlinear_nn_h10_tanh_alpha0.0001_lbfgs_n1000_R100_K20_L50_y_1caedc085ebb.npz,signal_nonlinear,9.0,0.3,nn_h10_tanh_alpha0.0001_lbfgs,10,tanh,lbfgs,0.01,20,50,standard,0,0.8882,0.9000,0.000145,0.000070,0.006184,0.003401,-0.8182,0.036109,0.003581,0.021275,0.007520,-1.8291,5.2693,-1.3237
full_sample_X_gaussian_d2_27fda980_snr9_signal_abs_nn_h10_tanh_alpha0.01_lbfgs_n1000_R100_K20_L50_y_fd4e95c11272.npz,signal_abs,9.0,0.5,nn_h10_tanh_alpha0.01_lbfgs,20,relu,lbfgs,0.01,20,50,standard,0,0.8937,0.9000,0.001764,0.001674,0.014105,0.009266,-0.5222,0.008040,0.000974,0.033512,0.010444,-2.2088,5.2697,-1.3655
full_sample_X_gaussian_d2_27fda980_snr9_signal_nonlinear_nn_h10_tanh_alpha0.0001_lbfgs_n1000_R100_K10_L100_y_54488b800fff.npz,signal_nonlinear,9.0,0.5,nn_h10_tanh_alpha0.0001_lbfgs,10,tanh,lbfgs,0.01,10,100,standard,0,0.8882,0.9000,0.000789,0.000141,0.011165,0.004798,-1.3267,0.203884,0.004640,0.025363,0.009287,-1.7310,5.0155,-1.5289
full_sample_X_gaussian_d2_27fda980_snr9_signal_basic_nn_h2_tanh_alpha0.001_lbfgs_n1000_R100_bale_K40_L25_y_nb5_5e80b6316942.npz,signal_basic,9.0,0.5,nn_h2_tanh_alpha0.001_lbfgs,3,tanh,lbfgs,0.0001,40,25,bootstrap,0,0.9061,0.9000,0.000986,0.000693,0.004691,0.002071,-1.2652,0.002170,0.001949,0.010805,0.003841,-1.8131,0.8199,-1.5391
full_sample_X_gaussian_d2_12761c10_snr9_signal_nonlinear_nn_h10_tanh_alpha0.01_lbfgs_n1000_R100_K20_L50_y_98960426d032.npz,signal_nonlinear,9.0,0.0,nn_h10_tanh_alpha0.01_lbfgs,10,tanh,lbfgs,0.01,20,50,standard,0,0.8882,0.9000,0.000127,0.000059,0.006102,0.002845,-1.1451,0.041702,0.001485,0.019391,0.006434,-2.0136,5.2121,-1.5794
full_sample_X_gaussian_d2_87a9837a_snr9_signal_threshold_nn_h3_tanh_alpha0.0001_lbfgs_n1000_R100_K10_L100_y_3b607bc66234.npz,signal_threshold,9.0,0.3,nn_h3_tanh_alpha0.0001_lbfgs,10,tanh,lbfgs,0.0001,10,100,standard,0,0.8905,0.9000,0.067430,0.017873,0.081690,0.067224,-0.2152,0.042089,0.000560,0.119134,0.030200,-2.9449,3.8682,-1.5800
full_sample_X_gaussian_d2_87a9837a_snr9_signal_basic_nn_h2_tanh_alpha0.001_lbfgs_n1000_R100_bale_K40_L25_y_nb5_c59cb3e271e7.npz,signal_basic,9.0,0.3,nn_h2_tanh_alpha0.001_lbfgs,3,tanh,lbfgs,0.0001,40,25,bootstrap,0,0.9061,0.9000,0.000925,0.000667,0.004415,0.001785,-1.4726,0.001763,0.001798,0.010212,0.003647,-1.7998,0.8284,-1.6362
full_sample_X_gaussian_d2_26e192a0_snr9_signal_abs_nn_h10_tanh_alpha0.01_lbfgs_n1000_R100_K10_L100_y_226649bf2cbb.npz,signal_abs,9.0,0.7,nn_h10_tanh_alpha0.01_lbfgs,20,relu,lbfgs,0.01,10,100,standard,0,0.8937,0.9000,0.002459,0.002631,0.023859,0.020630,-0.1565,0.041710,0.002404,0.094240,0.022241,-3.2372,5.0778,-1.6968
full_sample_X_gaussian_d2_26e192a0_snr9_signal_cubic_nn_h10_relu_alpha0.001_lbfgs_n1000_R100_K20_L50_y_eedb2dadc2dc.npz,signal_cubic,9.0,0.7,nn_h10_relu_alpha0.001_lbfgs,10,tanh,lbfgs,0.01,20,50,standard,0,0.8866,0.9000,0.804638,0.049684,0.849600,0.203312,-3.1788,0.014427,0.039187,0.186707,0.140488,-0.3290,3.9960,-1.7539
full_sample_X_gaussian_d2_27fda980_snr9_signal_threshold_nn_h10_relu_alpha0.001_lbfgs_n1000_R100_K10_L100_y_f2d80825eeb1.npz,signal_threshold,9.0,0.5,nn_h10_relu_alpha0.001_lbfgs,10,tanh,lbfgs,0.0001,10,100,standard,0,0.8905,0.9000,0.048712,0.001788,0.060510,0.051548,-0.1738,0.027884,0.001602,0.097481,0.019784,-3.9273,3.6641,-2.0506
full_sample_X_gaussian_d2_87a9837a_snr9_signal_abs_nn_h20_relu_alpha0.01_lbfgs_n1000_R100_K20_L50_y_384a2d41f4d1.npz,signal_abs,9.0,0.3,nn_h20_relu_alpha0.01_lbfgs,20,relu,lbfgs,0.01,20,50,standard,0,0.8937,0.9000,0.000583,0.000379,0.009091,0.004316,-1.1061,0.007954,0.000356,0.033398,0.008158,-3.0938,4.6212,-2.0999
full_sample_X_gaussian_d2_87a9837a_snr9_signal_cubic_nn_h10_relu_alpha0.001_lbfgs_n1000_R100_K20_L50_y_95dac112e823.npz,signal_cubic,9.0,0.3,nn_h10_relu_alpha0.001_lbfgs,10,tanh,lbfgs,0.01,20,50,standard,0,0.8866,0.9000,0.662170,0.026456,0.801113,0.182608,-3.3871,0.011422,0.012658,0.111771,0.058424,-0.9131,3.9428,-2.1501
full_sample_X_gaussian_d2_87a9837a_snr9_signal_nonlinear_nn_h10_tanh_alpha0.0001_lbfgs_n1000_R100_K10_L100_y_88ed60c0e213.npz,signal_nonlinear,9.0,0.3,nn_h10_tanh_alpha0.0001_lbfgs,10,tanh,lbfgs,0.01,10,100,standard,0,0.8882,0.9000,0.000403,0.000070,0.010415,0.003401,-2.0623,0.209839,0.003581,0.024548,0.007520,-2.2644,5.0386,-2.1634
full_sample_X_gaussian_d2_12761c10_snr9_signal_abs_nn_h20_relu_alpha0.01_lbfgs_n1000_R100_K20_L50_y_c65800650f11.npz,signal_abs,9.0,0.0,nn_h20_relu_alpha0.01_lbfgs,20,relu,lbfgs,0.01,20,50,standard,0,0.8937,0.9000,0.000492,0.000300,0.009958,0.004247,-1.3446,0.007610,0.000169,0.032821,0.007715,-3.2540,4.5435,-2.2993
full_sample_X_gaussian_d2_f9df222f_snr9_signal_cubic_nn_h10_relu_alpha0.001_lbfgs_n1000_R100_K10_L100_y_406872054c95.npz,signal_cubic,9.0,0.9,nn_h10_relu_alpha0.001_lbfgs,10,tanh,lbfgs,0.01,10,100,standard,0,0.8866,0.9000,3.291002,0.167596,2.017063,0.360175,-4.6002,0.078470,0.166988,0.329219,0.298641,-0.1024,3.7372,-2.3513
full_sample_X_gaussian_d2_12761c10_snr9_signal_nonlinear_nn_h10_tanh_alpha0.01_lbfgs_n1000_R100_K10_L100_y_5364eaae89d6.npz,signal_nonlinear,9.0,0.0,nn_h10_tanh_alpha0.01_lbfgs,10,tanh,lbfgs,0.01,10,100,standard,0,0.8882,0.9000,0.000206,0.000059,0.009973,0.002845,-2.5057,0.254108,0.001485,0.020751,0.006434,-2.2250,5.0262,-2.3654
full_sample_X_gaussian_d2_27fda980_snr9_signal_cubic_nn_h10_tanh_alpha0.0001_lbfgs_n1000_R100_K20_L50_y_8daad9cecf1b.npz,signal_cubic,9.0,0.5,nn_h10_tanh_alpha0.0001_lbfgs,10,tanh,lbfgs,0.01,20,50,standard,0,0.8866,0.9000,0.929090,0.023373,0.695457,0.126709,-4.4886,0.008579,0.002392,0.132030,0.074014,-0.7839,5.3265,-2.6362
full_sample_X_gaussian_d2_12761c10_snr9_signal_basic_nn_h3_tanh_alpha0.0001_lbfgs_n1000_R100_K40_L25_y_aa140fe1afd1.npz,signal_basic,9.0,0.0,nn_h3_tanh_alpha0.0001_lbfgs,3,tanh,lbfgs,0.0001,40,25,standard,0,0.9061,0.9000,0.000230,0.000082,0.010855,0.002243,-3.8405,0.001695,0.000076,0.011682,0.004780,-1.4440,4.6535,-2.6422
full_sample_X_gaussian_d2_12761c10_snr9_signal_basic_nn_h3_tanh_alpha0.0001_lbfgs_n1000_R100_exp1_K40_L25_aa140fe1afd1.npz,signal_basic,9.0,0.0,nn_h3_tanh_alpha0.0001_lbfgs,3,tanh,lbfgs,0.0001,40,25,standard,0,0.9061,0.9000,0.000230,0.000082,0.010855,0.002243,-3.8405,0.001695,0.000076,0.011682,0.004780,-1.4440,4.4866,-2.6422
full_sample_X_gaussian_d2_27fda980_snr9_signal_basic_nn_h2_tanh_alpha0.001_lbfgs_n1000_R100_K20_L50_y_321815177c92.npz,signal_basic,9.0,0.5,nn_h2_tanh_alpha0.001_lbfgs,3,tanh,lbfgs,0.0001,20,50,standard,0,0.9061,0.9000,0.001240,0.000693,0.003460,0.002071,-0.6707,0.008287,0.001949,0.022254,0.003841,-4.7936,3.9507,-2.7322
full_sample_X_gaussian_d2_12761c10_snr9_signal_basic_nn_h3_tanh_alpha0.0001_lbfgs_n1000_R100_exp1_K40_L1_cdda8fb155d3.npz,signal_basic,9.0,0.0,nn_h3_tanh_alpha0.0001_lbfgs,3,tanh,lbfgs,0.0001,40,1,standard,0,0.9061,0.9000,0.000039,0.000082,0.013695,0.002243,-5.1070,0.001442,0.000076,0.006672,0.004780,-0.3959,2.8188,-2.7515
full_sample_X_gaussian_d2_87a9837a_snr9_signal_basic_nn_h2_tanh_alpha0.001_lbfgs_n1000_R100_K20_L50_y_e5eee67a30ba.npz,signal_basic,9.0,0.3,nn_h2_tanh_alpha0.001_lbfgs,3,tanh,lbfgs,0.0001,20,50,standard,0,0.9061,0.9000,0.001108,0.000667,0.003111,0.001785,-0.7424,0.007922,0.001798,0.022409,0.003647,-5.1440,3.9820,-2.9432
full_sample_X_gaussian_d2_12761c10_snr9_signal_cubic_nn_h10_tanh_alpha0.01_lbfgs_n1000_R100_K20_L50_y_8b2aa007fa84.npz,signal_cubic,9.0,0.0,nn_h10_tanh_alpha0.01_lbfgs,10,tanh,lbfgs,0.01,20,50,standard,0,0.8866,0.9000,0.791361,0.001516,0.809345,0.143356,-4.6457,0.005708,0.000779,0.099381,0.036937,-1.6905,5.3709,-3.1681
full_sample_X_gaussian_d2_26e192a0_snr9_signal_cubic_nn_h10_relu_alpha0.001_lbfgs_n1000_R100_K10_L100_y_b2555b36dbf3.npz,signal_cubic,9.0,0.7,nn_h10_relu_alpha0.001_lbfgs,10,tanh,lbfgs,0.01,10,100,standard,0,0.8866,0.9000,3.122305,0.049684,1.838235,0.203312,-8.0414,0.025528,0.039187,0.247081,0.140488,-0.7587,3.8308,-4.4001
full_sample_X_gaussian_d2_12761c10_snr9_signal_basic_nn_h3_tanh_alpha0.0001_lbfgs_n1000_R100_bale_K40_L25_y_nb5_ad1110a2651b.npz,signal_basic,9.0,0.0,nn_h3_tanh_alpha0.0001_lbfgs,3,tanh,lbfgs,0.0001,40,25,bootstrap,0,0.9061,0.9000,0.000290,0.000082,0.019570,0.002243,-7.7269,0.000733,0.000076,0.010826,0.004780,-1.2649,0.9467,-4.4959
full_sample_X_gaussian_d2_27fda980_snr9_signal_abs_nn_h10_tanh_alpha0.01_lbfgs_n1000_R100_K10_L100_y_f27da8f46e94.npz,signal_abs,9.0,0.5,nn_h10_tanh_alpha0.01_lbfgs,20,relu,lbfgs,0.01,10,100,standard,0,0.8937,0.9000,0.002602,0.001674,0.021273,0.009266,-1.2957,0.036618,0.000974,0.091771,0.010444,-7.7869,4.9875,-4.5413
full_sample_X_gaussian_d2_87a9837a_snr9_signal_cubic_nn_h10_relu_alpha0.001_lbfgs_n1000_R100_K10_L100_y_57b688145fc0.npz,signal_cubic,9.0,0.3,nn_h10_relu_alpha0.001_lbfgs,10,tanh,lbfgs,0.01,10,100,standard,0,0.8866,0.9000,2.813991,0.026456,1.850117,0.182608,-9.1316,0.018816,0.012658,0.157061,0.058424,-1.6883,3.7612,-5.4100
full_sample_X_gaussian_d2_12761c10_snr9_signal_basic_nn_h3_tanh_alpha0.0001_lbfgs_n1000_R100_exp1_K10_L1_da1f524e75b2.npz,signal_basic,9.0,0.0,nn_h3_tanh_alpha0.0001_lbfgs,3,tanh,lbfgs,0.0001,10,1,standard,0,0.9061,0.9000,0.000142,0.000082,0.021176,0.002243,-8.4430,0.051816,0.000076,0.017272,0.004780,-2.6135,0.8481,-5.5282
full_sample_X_gaussian_d2_87a9837a_snr9_signal_abs_nn_h20_relu_alpha0.01_lbfgs_n1000_R100_K10_L100_y_0e2582ca9d51.npz,signal_abs,9.0,0.3,nn_h20_relu_alpha0.01_lbfgs,20,relu,lbfgs,0.01,10,100,standard,0,0.8937,0.9000,0.000866,0.000379,0.013421,0.004316,-2.1094,0.040637,0.000356,0.087709,0.008158,-9.7510,4.3790,-5.9302
full_sample_X_gaussian_d2_12761c10_snr9_signal_abs_nn_h20_relu_alpha0.01_lbfgs_n1000_R100_K10_L100_y_f1e44c629f5a.npz,signal_abs,9.0,0.0,nn_h20_relu_alpha0.01_lbfgs,20,relu,lbfgs,0.01,10,100,standard,0,0.8937,0.9000,0.000710,0.000300,0.013771,0.004247,-2.2425,0.045200,0.000169,0.093717,0.007715,-11.1469,4.3271,-6.6947
full_sample_X_gaussian_d2_12761c10_snr9_signal_basic_nn_h3_tanh_alpha0.0001_lbfgs_n1000_R100_K40_L25_y_lu2_988e7bf9d320.npz,signal_basic,9.0,0.0,nn_h3_tanh_alpha0.0001_lbfgs,3,tanh,lbfgs,0.0001,40,25,standard,2,0.9061,0.9000,0.000365,0.000082,0.033024,0.002243,-13.7262,0.001728,0.000076,0.007626,0.004780,-0.5954,3.6735,-7.1608
full_sample_X_gaussian_d2_27fda980_snr9_signal_cubic_nn_h10_tanh_alpha0.0001_lbfgs_n1000_R100_K10_L100_y_061d9516bcc7.npz,signal_cubic,9.0,0.5,nn_h10_tanh_alpha0.0001_lbfgs,10,tanh,lbfgs,0.01,10,100,standard,0,0.8866,0.9000,3.520083,0.023373,1.760872,0.126709,-12.8970,0.035629,0.002392,0.228873,0.074014,-2.0923,5.1135,-7.4947
full_sample_X_gaussian_d2_12761c10_snr9_signal_cubic_nn_h10_tanh_alpha0.01_lbfgs_n1000_R100_K10_L100_y_90a7c807e7af.npz,signal_cubic,9.0,0.0,nn_h10_tanh_alpha0.01_lbfgs,10,tanh,lbfgs,0.01,10,100,standard,0,0.8866,0.9000,3.092020,0.001516,2.016883,0.143356,-13.0690,0.030720,0.000779,0.196126,0.036937,-4.3097,5.1236,-8.6894
full_sample_X_gaussian_d2_12761c10_snr9_signal_basic_nn_h3_tanh_alpha0.0001_lbfgs_n1000_R100_exp2_KL500_0611530e87d7.npz,signal_basic,9.0,0.0,nn_h3_tanh_alpha0.0001_lbfgs,3,tanh,lbfgs,0.0001,20,25,standard,0,0.9061,0.9000,0.000583,0.000082,0.039691,0.002243,-16.6992,0.010825,0.000076,0.020793,0.004780,-3.3501,6.0202,-10.0247
full_sample_X_gaussian_d2_27fda980_snr9_signal_basic_nn_h2_tanh_alpha0.001_lbfgs_n1000_R100_K10_L100_y_4e8154242009.npz,signal_basic,9.0,0.5,nn_h2_tanh_alpha0.001_lbfgs,3,tanh,lbfgs,0.0001,10,100,standard,0,0.9061,0.9000,0.001879,0.000693,0.006732,0.002071,-2.2510,0.034625,0.001949,0.074304,0.003841,-18.3443,3.7805,-10.2977
full_sample_X_gaussian_d2_87a9837a_snr9_signal_basic_nn_h2_tanh_alpha0.001_lbfgs_n1000_R100_K10_L100_y_12d480893fef.npz,signal_basic,9.0,0.3,nn_h2_tanh_alpha0.001_lbfgs,3,tanh,lbfgs,0.0001,10,100,standard,0,0.9061,0.9000,0.001377,0.000667,0.006395,0.001785,-2.5816,0.035940,0.001798,0.072705,0.003647,-18.9344,3.8218,-10.7580
full_sample_X_gaussian_d2_12761c10_snr9_signal_basic_nn_h3_tanh_alpha0.0001_lbfgs_n1000_R100_K20_L50_y_693524eccdaf.npz,signal_basic,9.0,0.0,nn_h3_tanh_alpha0.0001_lbfgs,3,tanh,lbfgs,0.0001,20,50,standard,0,0.9061,0.9000,0.000641,0.000082,0.055248,0.002243,-23.6368,0.010838,0.000076,0.036971,0.004780,-6.7347,4.5900,-15.1858
full_sample_X_gaussian_d2_12761c10_snr9_signal_basic_nn_h3_tanh_alpha0.0001_lbfgs_n1000_R100_exp2_KL100_44b4b7aead3d.npz,signal_basic,9.0,0.0,nn_h3_tanh_alpha0.0001_lbfgs,3,tanh,lbfgs,0.0001,10,10,standard,0,0.9061,0.9000,0.001103,0.000082,0.083222,0.002243,-36.1109,0.053499,0.000076,0.037253,0.004780,-6.7936,4.7502,-21.4523
full_sample_X_gaussian_d2_12761c10_snr9_signal_basic_nn_h3_tanh_alpha0.0001_lbfgs_n1000_R100_exp1_K10_L25_1df99aba12bb.npz,signal_basic,9.0,0.0,nn_h3_tanh_alpha0.0001_lbfgs,3,tanh,lbfgs,0.0001,10,25,standard,0,0.9061,0.9000,0.001183,0.000082,0.100296,0.002243,-43.7247,0.053814,0.000076,0.065145,0.004780,-12.6289,6.2553,-28.1768
full_sample_X_gaussian_d2_12761c10_snr9_signal_basic_nn_h3_tanh_alpha0.0001_lbfgs_n1000_R100_exp2_KL250_1df99aba12bb.npz,signal_basic,9.0,0.0,nn_h3_tanh_alpha0.0001_lbfgs,3,tanh,lbfgs,0.0001,10,25,standard,0,0.9061,0.9000,0.001183,0.000082,0.100296,0.002243,-43.7247,0.053814,0.000076,0.065145,0.004780,-12.6289,6.2662,-28.1768
full_sample_X_gaussian_d2_12761c10_snr9_signal_basic_nn_h3_tanh_alpha0.0001_lbfgs_n1000_R100_K10_L100_y_127f37a1ca77.npz,signal_basic,9.0,0.0,nn_h3_tanh_alpha0.0001_lbfgs,3,tanh,lbfgs,0.0001,10,100,standard,0,0.9061,0.9000,0.001534,0.000082,0.131472,0.002243,-57.6271,0.054777,0.000076,0.141465,0.004780,-28.5957,4.3583,-43.1114
full_sample_X_gaussian_d2_12761c10_snr9_signal_basic_nn_h3_tanh_alpha0.0001_lbfgs_n1000_R100_exp1_K10_L100_127f37a1ca77.npz,signal_basic,9.0,0.0,nn_h3_tanh_alpha0.0001_lbfgs,3,tanh,lbfgs,0.0001,10,100,standard,0,0.9061,0.9000,0.001534,0.000082,0.131472,0.002243,-57.6271,0.054777,0.000076,0.141465,0.004780,-28.5957,4.3924,-43.1114
full_sample_X_gaussian_d2_12761c10_snr9_signal_basic_nn_h3_tanh_alpha0.0001_lbfgs_n1000_R100_exp2_KL25_fc4c2d16af18.npz,signal_basic,9.0,0.0,nn_h3_tanh_alpha0.0001_lbfgs,3,tanh,lbfgs,0.0001,5,5,standard,0,0.9061,0.9000,0.001970,0.000082,0.178623,0.002243,-78.6527,0.210039,0.000076,0.051918,0.004780,-9.8617,1.7225,-44.2572
full_sample_X_gaussian_d2_12761c10_snr9_signal_basic_nn_h3_tanh_alpha0.0001_lbfgs_n1000_R100_exp3_fixed_K40_L25_03660d6d26a3.npz,signal_basic,9.0,0.0,nn_h3_tanh_alpha0.0001_lbfgs,3,tanh,lbfgs,0.0001,40,25,standard,0,0.9061,0.9000,0.000433,0.000082,0.187980,0.002243,-82.8255,0.024972,0.000076,0.233184,0.004780,-47.7843,4.6371,-65.3049
full_sample_X_gaussian_d2_12761c10_snr9_signal_basic_nn_h3_tanh_alpha0.0001_lbfgs_n1000_R100_exp3_fixed_K10_L100_cf75078d31c2.npz,signal_basic,9.0,0.0,nn_h3_tanh_alpha0.0001_lbfgs,3,tanh,lbfgs,0.0001,10,100,standard,0,0.9061,0.9000,0.002049,0.000082,0.855553,0.002243,-380.5148,0.272137,0.000076,1.113527,0.004780,-231.9604,4.3378,-306.2376
